CONTRACT_D,PREVIOUS_S,OPEN_PRICE,HIGH_PRICE,LOW_PRICE,CLOSE_PRIC,SETTLEMENT,NET_CHANGE,OI_NO_CON,TRADED_QUA,TRD_NO_CON,TRADED_VAL
FUTSTKNAUKRI26-SEP-2024,7013.3000000,7125.0000000,7125.0000000,6891.6000000,6891.6000000,6922.2500000,-1.2900000,28.0000000,1650.0000000,11.0000000,11576062.5000000
FUTSTKHINDPETRO26-SEP-2024,363.4000000,358.0000000,362.0000000,345.9000000,346.5000000,346.5000000,-4.6500000,132.0000000,141750.0000000,70.0000000,50093640.0000000
FUTSTKFEDERALBNK29-AUG-2024,196.7900000,196.0000000,196.5900000,191.5000000,192.1300000,192.1300000,-2.3600000,2124.0000000,10430000.0000000,2086.0000000,2019641050.0000000
FUTSTKCROMPTON29-AUG-2024,433.8000000,435.9000000,439.2000000,425.7500000,430.9000000,430.9000000,-0.6600000,1219.0000000,2788200.0000000,1549.0000000,1203136830.0000000
FUTSTKFEDERALBNK25-JUL-2024,196.5900000,196.1200000,196.8800000,191.2100000,191.9300000,191.9300000,-2.3700000,16800.0000000,29035000.0000000,5807.0000000,5616108550.0000000
FUTSTKABBOTINDIA26-SEP-2024,29199.5000000,28500.0000000,28500.0000000,27765.6500000,27802.9000000,27802.9000000,-4.7800000,29.0000000,140.0000000,7.0000000,3916362.0000000
FUTSTKSAIL29-AUG-2024,148.7100000,147.6900000,147.9000000,141.5700000,142.1700000,142.1700000,-4.3900000,13979.0000000,1404000.0000000,351.0000000,201695160.0000000
FUTSTKLICHSGFIN25-JUL-2024,797.8500000,795.4000000,798.4000000,769.2000000,771.7500000,771.7500000,-3.2700000,23735.0000000,7058000.0000000,7058.0000000,5520214200.0000000
FUTSTKIOC25-JUL-2024,170.0100000,169.9000000,170.3400000,165.2000000,165.6300000,165.6300000,-2.5700000,26815.0000000,48199125.0000000,9887.0000000,8051678310.0000000
FUTSTKATUL26-SEP-2024,7224.1000000,7195.0000000,7206.6500000,6975.3000000,7065.1000000,7065.1000000,-2.2000000,69.0000000,3500.0000000,35.0000000,24869670.0000000
FUTSTKABBOTINDIA29-AUG-2024,28599.7000000,28451.4500000,28603.5000000,27462.6500000,27593.7500000,27593.7500000,-3.5100000,805.0000000,16600.0000000,830.0000000,463946523.0000000
FUTSTKTATAMOTORS26-SEP-2024,1040.0500000,1034.0500000,1035.0000000,1002.0000000,1003.2500000,1003.2500000,-3.5300000,941.0000000,252450.0000000,459.0000000,256441432.5000000
FUTSTKMPHASIS26-SEP-2024,2871.9500000,2916.1500000,2930.0000000,2875.0000000,2886.7000000,2886.7000000,0.5100000,83.0000000,12925.0000000,47.0000000,37590355.0000000
FUTSTKINDIGO29-AUG-2024,4446.2500000,4433.9000000,4433.9000000,4287.0000000,4314.0500000,4314.0500000,-2.9700000,2718.0000000,843000.0000000,2810.0000000,3659193690.0000000
FUTSTKKOTAKBANK29-AUG-2024,1837.0000000,1829.0500000,1843.4500000,1818.1000000,1831.5000000,1831.5000000,-0.2900000,11728.0000000,2403200.0000000,6008.0000000,4400331240.0000000
FUTSTKLT26-SEP-2024,3712.0000000,3695.0000000,3713.9000000,3663.0000000,3668.6000000,3668.6000000,-1.1600000,452.0000000,23250.0000000,155.0000000,85706197.5000000
FUTSTKLTF26-SEP-2024,187.3909009,187.5200000,187.5200000,178.0300000,178.5300000,178.5300000,-4.7200000,311.0000000,490820.0000000,110.0000000,89446813.7000000
FUTSTKGAIL29-AUG-2024,230.9800000,231.0000000,231.0000000,220.6000000,221.2100000,221.2100000,-4.2200000,4517.0000000,19384275.0000000,4237.0000000,4338423410.2500000
FUTSTKMARUTI29-AUG-2024,12625.6500000,12600.9000000,12690.0000000,12450.0000000,12479.7500000,12479.7500000,-1.1500000,9313.0000000,256400.0000000,5128.0000000,3217697317.5000000
FUTSTKBSOFT29-AUG-2024,753.6500000,763.0000000,764.0000000,726.7000000,729.7500000,729.7500000,-3.1700000,1884.0000000,2308000.0000000,2308.0000000,1721454250.0000000
FUTSTKADANIENT26-SEP-2024,3143.4500000,3138.0000000,3138.0000000,3046.5000000,3049.4500000,3049.4500000,-2.9900000,334.0000000,51000.0000000,170.0000000,157571625.0000000
FUTSTKKOTAKBANK26-SEP-2024,1850.3500000,1849.1500000,1854.9000000,1830.5500000,1842.6000000,1842.6000000,-0.4100000,363.0000000,29200.0000000,73.0000000,53821840.0000000
FUTSTKINDHOTEL26-SEP-2024,592.0500000,587.7000000,589.5000000,581.9000000,585.4000000,585.4000000,-1.1200000,158.0000000,50000.0000000,50.0000000,29250950.0000000
FUTSTKASTRAL29-AUG-2024,2258.1000000,2240.4000000,2261.9500000,2227.8000000,2248.1500000,2248.1500000,-0.4400000,1215.0000000,638213.0000000,1739.0000000,1433382761.7000000
FUTSTKGMRINFRA25-JUL-2024,95.9000000,95.3900000,95.3900000,91.5000000,91.9900000,91.9900000,-4.0700000,17149.0000000,10237500.0000000,910.0000000,951669562.5000000
FUTSTKLICHSGFIN29-AUG-2024,795.9000000,792.8500000,795.0000000,766.2500000,768.3500000,768.3500000,-3.4600000,3684.0000000,3558000.0000000,3558.0000000,2773737500.0000000
FUTSTKIDFC29-AUG-2024,116.6500000,116.7200000,116.7200000,114.0000000,114.2300000,114.2300000,-2.0700000,5002.0000000,10180000.0000000,2036.0000000,1168955550.0000000
FUTSTKRBLBANK26-SEP-2024,246.0500000,248.0500000,248.0500000,242.3000000,243.4000000,243.4000000,-1.0700000,197.0000000,17500.0000000,7.0000000,4290750.0000000
FUTSTKNATIONALUM26-SEP-2024,194.1409009,190.5000000,191.1409009,186.0000000,188.5100000,188.5100000,-2.9000000,159.0000000,157500.0000000,42.0000000,29687250.0000000
FUTSTKDABUR29-AUG-2024,648.1500000,646.6000000,650.0000000,637.5500000,638.4500000,638.4500000,-1.4900000,666.0000000,726250.0000000,581.0000000,466921875.0000000
FUTSTKNATIONALUM25-JUL-2024,192.1500000,191.0000000,191.0000000,183.6000000,185.9209009,185.9209009,-3.2400000,14290.0000000,28593750.0000000,7625.0000000,5332182187.5000000
FUTSTKMANAPPURAM25-JUL-2024,228.3500000,229.7600000,230.0000000,216.2500000,216.9800000,216.9800000,-4.9700000,14077.0000000,20367000.0000000,6789.0000000,4508638110.0000000
FUTSTKCOLPAL26-SEP-2024,3160.0000000,3160.0000000,3160.0000000,3160.0000000,3160.0000000,3164.3500000,0.1300000,10.0000000,350.0000000,1.0000000,1106000.0000000
FUTSTKCHAMBLFERT26-SEP-2024,518.8500000,518.8500000,529.6500000,493.0500000,495.7500000,495.7500000,-4.4500000,33.0000000,30400.0000000,16.0000000,15450325.0000000
FUTSTKGODREJCP29-AUG-2024,1471.5000000,1481.5000000,1482.0000000,1442.4000000,1456.9000000,1456.9000000,-0.9900000,837.0000000,288500.0000000,577.0000000,421768550.0000000
FUTIDXNIFTY25-JUL-2024,24809.0500000,24761.0000000,24837.0000000,24504.0000000,24529.1000000,24529.1000000,-1.1200000,564722.0000000,8005525.0000000,320221.0000000,197231944967.5000000
FUTSTKPERSISTENT26-SEP-2024,4920.0000000,4874.0000000,4874.0000000,4585.0000000,4628.2500000,4628.2500000,-5.9200000,104.0000000,31400.0000000,157.0000000,146092610.0000000
FUTSTKMANAPPURAM29-AUG-2024,229.1200000,230.0000000,231.2900000,217.0700000,217.6700000,217.6700000,-4.9900000,3891.0000000,7437000.0000000,2479.0000000,1651602870.0000000
FUTSTKABCAPITAL29-AUG-2024,224.8100000,224.9700000,224.9800000,216.5500000,217.1800000,217.1800000,-3.3900000,2100.0000000,7452000.0000000,1380.0000000,1638452610.0000000
FUTSTKLALPATHLAB29-AUG-2024,3007.7000000,2990.0000000,3020.0000000,2968.4500000,2984.2000000,2984.2000000,-0.7800000,412.0000000,172500.0000000,575.0000000,516020910.0000000
FUTSTKABBOTINDIA25-JUL-2024,28395.6000000,28299.9500000,28394.5500000,27257.5000000,27387.8000000,27387.8000000,-3.5400000,6909.0000000,37180.0000000,1859.0000000,1033919279.0000000
FUTSTKGODREJCP26-SEP-2024,1485.8000000,1466.0000000,1466.0000000,1460.0500000,1460.0500000,1460.0500000,-1.7300000,16.0000000,1500.0000000,3.0000000,2193050.0000000
FUTSTKNAVINFLUOR25-JUL-2024,3675.4500000,3655.8000000,3670.6000000,3541.6500000,3554.3500000,3554.3500000,-3.2900000,7565.0000000,660450.0000000,3774.0000000,2372247115.0000000
FUTSTKAUBANK25-JUL-2024,635.7000000,635.5500000,638.1000000,627.0000000,634.5000000,634.5000000,-0.1800000,22088.0000000,6104000.0000000,6104.0000000,3864337950.0000000
FUTSTKLT29-AUG-2024,3687.5000000,3679.2000000,3687.5000000,3634.4500000,3640.7000000,3640.7000000,-1.2600000,14579.0000000,1675650.0000000,11171.0000000,6125695650.0000000
FUTSTKMARICO25-JUL-2024,684.6000000,680.0000000,685.5500000,667.0500000,668.1000000,668.1000000,-2.4100000,8725.0000000,3463200.0000000,2886.0000000,2332492920.0000000
FUTSTKSUNPHARMA29-AUG-2024,1606.5500000,1598.2000000,1598.6000000,1576.7000000,1578.5500000,1578.5500000,-1.7400000,3790.0000000,953750.0000000,2725.0000000,1513037610.0000000
FUTSTKHEROMOTOCO29-AUG-2024,5515.5000000,5525.0500000,5531.6500000,5375.0000000,5424.9000000,5424.9000000,-1.6400000,3423.0000000,270150.0000000,1801.0000000,1465867252.5000000
FUTSTKAUROPHARMA25-JUL-2024,1339.1000000,1337.8000000,1353.5000000,1326.5500000,1331.1000000,1331.1000000,-0.5900000,24183.0000000,2875400.0000000,5228.0000000,3850168850.0000000
FUTSTKJKCEMENT25-JUL-2024,4388.1000000,4398.2500000,4398.2500000,4195.8500000,4226.8000000,4226.8000000,-3.6700000,4651.0000000,303125.0000000,2425.0000000,1297829343.7500000
FUTSTKCROMPTON25-JUL-2024,431.5000000,434.0000000,437.0000000,422.4000000,427.6000000,427.6000000,-0.9000000,12217.0000000,8141400.0000000,4523.0000000,3494477430.0000000
FUTSTKONGC25-JUL-2024,331.9000000,333.0000000,333.1500000,317.8500000,319.5000000,319.5000000,-3.7300000,38934.0000000,52333050.0000000,27186.0000000,16933834610.0000000
FUTSTKNAVINFLUOR26-SEP-2024,3702.4000000,3674.0000000,3674.0000000,3580.6500000,3580.6500000,3580.6500000,-3.2800000,21.0000000,1050.0000000,6.0000000,3810852.5000000
FUTSTKIGL29-AUG-2024,535.8000000,536.5000000,537.4000000,526.5500000,530.9000000,530.9000000,-0.9100000,1040.0000000,1205875.0000000,877.0000000,640792556.2500000
FUTSTKHINDUNILVR25-JUL-2024,2739.4500000,2735.0000000,2746.4500000,2717.3000000,2724.7500000,2724.7500000,-0.5300000,53292.0000000,3294300.0000000,10981.0000000,8992747875.0000000
FUTIDXMIDCPNIFTY30-SEP-2024,12492.4000000,12401.0500000,12426.5000000,12163.0500000,12188.0500000,12188.0500000,-2.4300000,190.0000000,12350.0000000,247.0000000,151864342.5000000
FUTSTKRAMCOCEM26-SEP-2024,791.9000000,777.0000000,786.4500000,775.0000000,780.2500000,780.2500000,-1.4700000,93.0000000,18700.0000000,22.0000000,14601725.0000000
FUTSTKMUTHOOTFIN26-SEP-2024,1864.6000000,1850.0000000,1853.0000000,1834.8500000,1853.0000000,1853.0000000,-0.6200000,11.0000000,3850.0000000,7.0000000,7121977.5000000
FUTSTKINDIGO26-SEP-2024,4479.4000000,4428.0000000,4435.7500000,4320.5500000,4338.4500000,4338.4500000,-3.1400000,118.0000000,15000.0000000,50.0000000,65546220.0000000
FUTSTKVEDL26-SEP-2024,457.8000000,0.0000000,0.0000000,0.0000000,,445.9500000,-2.5800000,194.0000000,0.0000000,0.0000000,0.0000000
FUTSTKSBIN26-SEP-2024,904.7000000,904.7000000,909.5000000,896.0000000,900.3000000,900.3000000,-0.4800000,487.0000000,304500.0000000,406.0000000,274759275.0000000
FUTSTKMETROPOLIS25-JUL-2024,2040.4500000,2020.6000000,2031.0500000,1976.6000000,1983.0000000,1983.0000000,-2.8100000,3838.0000000,651600.0000000,1629.0000000,1304100780.0000000
FUTSTKDRREDDY26-SEP-2024,6761.4000000,6665.5500000,6719.6000000,6630.0000000,6631.4500000,6631.4500000,-1.9200000,161.0000000,6625.0000000,53.0000000,44162318.7500000
FUTSTKASHOKLEY29-AUG-2024,229.9900000,229.7300000,229.7300000,224.4200000,225.4300000,225.4300000,-1.9800000,2241.0000000,8800000.0000000,1760.0000000,2002574750.0000000
FUTSTKCUMMINSIND26-SEP-2024,3850.3500000,3838.0000000,3838.0000000,3597.7000000,3600.9500000,3600.9500000,-6.4700000,102.0000000,22500.0000000,75.0000000,82327605.0000000
FUTIDXBANKNIFTY28-AUG-2024,52829.9000000,52779.3500000,52779.3500000,52330.9000000,52459.7500000,52459.7500000,-0.7000000,24484.0000000,246645.0000000,16443.0000000,12955775586.0000000
FUTSTKINFY29-AUG-2024,1773.1500000,1843.8500000,1848.9500000,1801.5500000,1807.4000000,1807.4000000,1.9300000,26565.0000000,12890000.0000000,32225.0000000,23500234200.0000000
FUTSTKHDFCLIFE29-AUG-2024,654.9000000,653.0000000,654.9000000,640.3500000,641.4000000,641.4000000,-2.0600000,2635.0000000,2083400.0000000,1894.0000000,1342544830.0000000
FUTSTKLALPATHLAB26-SEP-2024,3021.6500000,3025.0000000,3025.0000000,2991.3500000,2992.3000000,2992.3000000,-0.9700000,19.0000000,4200.0000000,14.0000000,12630720.0000000
FUTSTKIGL26-SEP-2024,536.5000000,530.1500000,535.0000000,528.0000000,532.0000000,532.0000000,-0.8300000,130.0000000,28875.0000000,21.0000000,15303543.7500000
FUTSTKPEL29-AUG-2024,967.6500000,950.0000000,950.0000000,928.3500000,932.8500000,932.8500000,-3.5900000,2348.0000000,38250.0000000,51.0000000,35842725.0000000
FUTSTKWIPRO25-JUL-2024,573.4500000,576.9500000,579.7000000,554.6000000,556.8000000,556.8000000,-2.9000000,33987.0000000,35584500.0000000,23723.0000000,20076329100.0000000
FUTSTKMCX29-AUG-2024,4107.7000000,4134.9000000,4134.9000000,3826.8000000,3845.4000000,3845.4000000,-6.3800000,1225.0000000,483400.0000000,2417.0000000,1883572440.0000000
FUTSTKIPCALAB29-AUG-2024,1221.9000000,1212.4500000,1219.3000000,1187.2000000,1191.5500000,1191.5500000,-2.4800000,578.0000000,458250.0000000,705.0000000,550126980.0000000
FUTSTKNTPC29-AUG-2024,378.2500000,378.0500000,378.0500000,362.6500000,364.4000000,364.4000000,-3.6600000,15381.0000000,16690500.0000000,11127.0000000,6191575500.0000000
FUTIDXFINNIFTY27-AUG-2024,23895.9500000,23850.0000000,23878.6000000,23666.3500000,23708.0000000,23708.0000000,-0.7800000,251.0000000,7775.0000000,311.0000000,184578997.5000000
FUTIDXNIFTY26-SEP-2024,25044.0500000,25067.9500000,25067.9500000,24775.0000000,24794.7500000,24794.7500000,-0.9900000,17714.0000000,261675.0000000,10467.0000000,6514203960.0000000
FUTSTKHINDCOPPER26-SEP-2024,324.8000000,321.0500000,321.0500000,311.1500000,314.8000000,312.1000000,-3.9100000,148.0000000,15900.0000000,6.0000000,5007042.5000000
FUTSTKJINDALSTEL29-AUG-2024,996.9000000,987.7500000,989.8500000,949.2500000,951.1000000,951.1000000,-4.5900000,3553.0000000,2250625.0000000,3601.0000000,2170204718.7500000
FUTSTKBHARATFORG29-AUG-2024,1636.6500000,1634.7500000,1644.0000000,1587.0500000,1590.4000000,1590.4000000,-2.8200000,1910.0000000,676500.0000000,1353.0000000,1088475950.0000000
FUTSTKBERGEPAINT26-SEP-2024,516.2500000,519.5000000,522.5000000,517.4000000,517.7000000,517.7000000,0.2800000,176.0000000,54120.0000000,41.0000000,28139562.0000000
FUTSTKTATACHEM29-AUG-2024,1064.0000000,1065.1500000,1065.4000000,1042.0000000,1046.2000000,1046.2000000,-1.6700000,4329.0000000,1514150.0000000,2753.0000000,1588534062.5000000
FUTSTKPIIND25-JUL-2024,3909.7500000,3919.9500000,3923.9500000,3822.7500000,3832.2000000,3832.2000000,-1.9800000,5833.0000000,564000.0000000,2256.0000000,2178159937.5000000
FUTSTKOFSS26-SEP-2024,11099.7000000,11166.0000000,11166.0000000,10842.4500000,10842.4500000,10972.4500000,-1.1400000,89.0000000,6000.0000000,60.0000000,65770755.0000000
FUTSTKBALRAMCHIN26-SEP-2024,456.0500000,0.0000000,0.0000000,0.0000000,,447.7000000,-1.8300000,54.0000000,0.0000000,0.0000000,0.0000000
FUTSTKASIANPAINT29-AUG-2024,2950.7500000,2949.6000000,2998.4000000,2938.0000000,2963.1500000,2963.1500000,0.4200000,14269.0000000,1369200.0000000,6846.0000000,4068691080.0000000
FUTSTKBHEL25-JUL-2024,309.2000000,307.3000000,308.3500000,292.6500000,293.8000000,293.8000000,-4.9800000,25805.0000000,46431000.0000000,17688.0000000,13837261200.0000000
FUTSTKRAMCOCEM25-JUL-2024,785.9500000,785.3000000,785.3000000,767.1500000,776.4500000,776.4500000,-1.2000000,10929.0000000,3315000.0000000,3900.0000000,2571638747.5000000
FUTSTKPVRINOX25-JUL-2024,1401.5500000,1404.8500000,1419.0000000,1381.7000000,1389.8500000,1389.8500000,-0.8300000,11103.0000000,1794463.0000000,4409.0000000,2513815760.5000000
FUTSTKCHAMBLFERT29-AUG-2024,514.3000000,516.6000000,519.4000000,489.6500000,492.4500000,492.4500000,-4.2400000,922.0000000,2365500.0000000,1245.0000000,1189387555.0000000
FUTSTKWIPRO29-AUG-2024,576.4000000,582.0000000,582.0000000,558.0000000,560.0500000,560.0500000,-2.8300000,5778.0000000,10087500.0000000,6725.0000000,5717093250.0000000
FUTSTKINDUSINDBK25-JUL-2024,1457.5000000,1454.3500000,1454.3500000,1430.4000000,1433.0000000,1433.0000000,-1.6800000,50263.0000000,5973000.0000000,11946.0000000,8591094725.0000000
FUTSTKM&MFIN26-SEP-2024,285.8500000,283.1500000,283.2000000,280.0500000,280.6500000,280.6500000,-1.8100000,275.0000000,44000.0000000,22.0000000,12413500.0000000
FUTSTKPVRINOX29-AUG-2024,1395.5000000,1400.0500000,1412.0000000,1375.5500000,1383.7500000,1383.7500000,-0.8400000,3557.0000000,819698.0000000,2014.0000000,1143748693.4500000
FUTSTKINDUSTOWER29-AUG-2024,422.3000000,424.3000000,427.7500000,408.3500000,412.8000000,412.8000000,-2.2400000,15807.0000000,15973200.0000000,4698.0000000,6625975930.0000000
FUTSTKHINDALCO26-SEP-2024,697.1000000,690.2500000,691.2500000,665.0000000,667.8500000,667.8500000,-4.1900000,104.0000000,100800.0000000,72.0000000,67831540.0000000
FUTSTKBIOCON29-AUG-2024,346.3500000,344.6500000,346.4000000,336.9000000,337.7000000,337.7000000,-2.4900000,4161.0000000,5790000.0000000,2316.0000000,1976166875.0000000
FUTSTKIDEA26-SEP-2024,16.5400000,16.5900000,16.5900000,16.1100000,16.1200000,16.1200000,-2.5300000,1493.0000000,5400000.0000000,135.0000000,87858000.0000000
FUTSTKINDIGO25-JUL-2024,4417.8000000,4441.0000000,4441.0000000,4254.4500000,4284.8500000,4284.8500000,-3.0000000,23221.0000000,2205900.0000000,7353.0000000,9512352810.0000000
FUTSTKDEEPAKNTR25-JUL-2024,2831.6000000,2795.0500000,2852.0000000,2768.2000000,2787.8000000,2787.8000000,-1.5400000,6359.0000000,1133700.0000000,3779.0000000,3182832180.0000000
FUTSTKOFSS25-JUL-2024,10996.4500000,11127.2500000,11239.0000000,10691.4500000,10808.0500000,10808.0500000,-1.7100000,17269.0000000,821700.0000000,8217.0000000,8959170025.0000000
FUTSTKIDFCFIRSTB26-SEP-2024,78.2300000,78.0600000,78.0600000,76.4400000,76.5400000,76.5400000,-2.1600000,1562.0000000,4275000.0000000,570.0000000,329100450.0000000
FUTSTKICICIGI25-JUL-2024,1916.8500000,1899.0000000,1915.2500000,1871.7500000,1884.0500000,1884.0500000,-1.7100000,8996.0000000,1613500.0000000,3227.0000000,3052258575.0000000
FUTSTKTORNTPHARM25-JUL-2024,3054.7000000,3060.9000000,3062.7000000,2934.8500000,2943.8000000,2943.8000000,-3.6300000,4234.0000000,434250.0000000,1737.0000000,1291897362.5000000
FUTSTKHAL25-JUL-2024,5020.1500000,5000.0500000,5017.7500000,4761.2500000,4795.2000000,4795.2000000,-4.4800000,33513.0000000,1500600.0000000,5002.0000000,7316480955.0000000
FUTSTKCOLPAL29-AUG-2024,3148.5000000,3116.2500000,3171.6500000,3109.4500000,3138.5000000,3138.5000000,-0.3100000,1434.0000000,316400.0000000,904.0000000,992379132.5000000
FUTSTKBSOFT26-SEP-2024,758.9500000,765.0000000,768.7500000,733.0000000,734.4500000,734.4500000,-3.2200000,112.0000000,78000.0000000,78.0000000,58567150.0000000
FUTSTKSHRIRAMFIN26-SEP-2024,2889.1000000,2860.0000000,2868.5500000,2818.0000000,2821.0000000,2821.0000000,-2.3500000,64.0000000,7500.0000000,25.0000000,21327495.0000000
FUTSTKBHARTIARTL29-AUG-2024,1485.7500000,1475.9000000,1480.2500000,1456.9000000,1465.2000000,1465.2000000,-1.3800000,11396.0000000,2804400.0000000,5904.0000000,4107467713.7500000
FUTSTKONGC29-AUG-2024,331.6500000,333.0500000,333.1500000,317.6000000,319.3000000,319.3000000,-3.7200000,10901.0000000,15326850.0000000,7962.0000000,4953613761.2500000
FUTSTKULTRACEMCO26-SEP-2024,11722.7000000,11570.7000000,11570.7000000,11310.1000000,11332.2000000,11332.2000000,-3.3300000,112.0000000,9800.0000000,98.0000000,112341245.0000000
FUTSTKBRITANNIA26-SEP-2024,5953.5000000,5885.0000000,5955.0000000,5870.0000000,5888.7000000,5888.7000000,-1.0800000,70.0000000,10600.0000000,53.0000000,62626070.0000000
FUTSTKADANIENT29-AUG-2024,3119.0000000,3113.9500000,3122.1000000,3020.0000000,3024.8000000,3024.8000000,-3.0200000,8549.0000000,1712700.0000000,5709.0000000,5238070125.0000000
FUTSTKTATAMOTORS25-JUL-2024,1027.2500000,1025.0000000,1029.0000000,988.3500000,990.6500000,990.6500000,-3.5600000,97260.0000000,14731200.0000000,26784.0000000,14807950575.0000000
FUTSTKHDFCAMC29-AUG-2024,4195.6000000,4217.8000000,4222.4500000,4065.0000000,4087.1000000,4087.1000000,-2.5800000,3431.0000000,180150.0000000,1201.0000000,740888017.5000000
FUTIDXNIFTYNXT5030-AUG-2024,73561.3500000,73589.8500000,73589.8500000,71801.1500000,71911.6000000,71911.6000000,-2.2400000,256.0000000,2570.0000000,257.0000000,186043001.5000000
FUTSTKINDUSTOWER26-SEP-2024,426.0500000,425.9500000,429.3000000,412.1000000,416.0000000,416.0000000,-2.3500000,431.0000000,360400.0000000,106.0000000,151207520.0000000
FUTSTKASHOKLEY26-SEP-2024,231.5300000,230.0000000,231.0000000,226.4100000,227.1600000,227.1600000,-1.8800000,202.0000000,255000.0000000,51.0000000,58330650.0000000
FUTIDXFINNIFTY30-JUL-2024,23802.1500000,23772.5500000,23789.2000000,23571.3000000,23605.5500000,23605.5500000,-0.8200000,2718.0000000,78350.0000000,3134.0000000,1852708963.7500000
FUTSTKTATACOMM29-AUG-2024,1888.3000000,1878.2000000,1898.9000000,1791.0000000,1799.2000000,1799.2000000,-4.7100000,1995.0000000,1471000.0000000,2942.0000000,2693188000.0000000
FUTSTKEXIDEIND29-AUG-2024,557.7000000,557.5500000,567.5500000,540.7000000,542.9000000,542.9000000,-2.6500000,2569.0000000,4525200.0000000,2514.0000000,2499861060.0000000
FUTSTKPOLYCAB26-SEP-2024,6654.0000000,6615.0000000,6615.0000000,6362.4000000,6426.6000000,6426.6000000,-3.4100000,209.0000000,15125.0000000,121.0000000,97906762.5000000
FUTSTKMFSL26-SEP-2024,1053.2500000,0.0000000,0.0000000,0.0000000,,1027.4000000,-2.4500000,0.0000000,0.0000000,0.0000000,0.0000000
FUTSTKNAUKRI25-JUL-2024,6951.8500000,7020.1500000,7066.4000000,6791.2500000,6818.1500000,6818.1500000,-1.9200000,6856.0000000,412200.0000000,2748.0000000,2855097577.5000000
FUTSTKTECHM25-JUL-2024,1544.4000000,1561.0000000,1561.0000000,1487.4500000,1490.0000000,1490.0000000,-3.5200000,25386.0000000,7275000.0000000,12125.0000000,10954403910.0000000
FUTSTKRELIANCE26-SEP-2024,3213.9000000,3201.0000000,3201.0000000,3146.0000000,3148.9000000,3148.9000000,-2.0200000,571.0000000,87750.0000000,351.0000000,277838262.5000000
FUTSTKGUJGASLTD26-SEP-2024,643.3500000,608.0000000,608.0000000,585.6000000,596.0000000,627.8000000,-2.4100000,134.0000000,23750.0000000,19.0000000,14212687.5000000
FUTSTKPERSISTENT29-AUG-2024,4922.7500000,4843.2000000,4843.2000000,4563.4000000,4613.2500000,4613.2500000,-6.2800000,2334.0000000,993200.0000000,4966.0000000,4604339020.0000000
FUTSTKGODREJPROP25-JUL-2024,3361.0000000,3356.7500000,3362.1000000,3246.3000000,3252.1500000,3252.1500000,-3.2300000,14571.0000000,1142775.0000000,5079.0000000,3757693983.7500000
FUTSTKPFC29-AUG-2024,549.5000000,544.0500000,554.1000000,532.9000000,534.6500000,534.6500000,-2.7000000,7892.0000000,7463300.0000000,5741.0000000,4030353405.0000000
FUTSTKSAIL25-JUL-2024,147.8100000,147.8100000,147.8100000,140.0100000,141.6500000,141.6500000,-4.1600000,28558.0000000,11312000.0000000,2828.0000000,1620913560.0000000
FUTSTKHDFCAMC26-SEP-2024,4205.5000000,4160.0000000,4160.0000000,4089.7000000,4098.0500000,4098.0500000,-2.5500000,86.0000000,5400.0000000,36.0000000,22286985.0000000
FUTSTKINDIACEM29-AUG-2024,348.5500000,341.1000000,356.8500000,341.1000000,349.6500000,349.6500000,0.3100000,5448.0000000,391500.0000000,135.0000000,136014060.0000000
FUTSTKMARUTI25-JUL-2024,12661.9500000,12707.3000000,12729.0500000,12490.0000000,12516.3500000,12516.3500000,-1.1400000,60640.0000000,915050.0000000,18301.0000000,11523274085.0000000
FUTSTKPFC26-SEP-2024,551.7500000,545.0000000,555.7000000,536.0000000,537.2000000,537.2000000,-2.6300000,413.0000000,289900.0000000,223.0000000,157342315.0000000
FUTSTKBHEL26-SEP-2024,313.4500000,310.0000000,311.5000000,296.7500000,297.7500000,297.7500000,-5.0000000,689.0000000,942375.0000000,359.0000000,284503800.0000000
FUTSTKCOFORGE29-AUG-2024,5925.5000000,5978.1500000,6025.0000000,5828.5000000,5864.6000000,5864.6000000,-1.0200000,3343.0000000,389250.0000000,2595.0000000,2309940600.0000000
FUTSTKAXISBANK25-JUL-2024,1311.4500000,1305.4000000,1307.8000000,1290.8000000,1294.3000000,1294.3000000,-1.3000000,68194.0000000,13368125.0000000,21389.0000000,17372548843.7500000
FUTSTKIOC26-SEP-2024,172.5500000,171.9000000,172.5500000,167.7900000,167.9700000,167.9700000,-2.6500000,341.0000000,921375.0000000,189.0000000,156162922.5000000
FUTSTKGNFC29-AUG-2024,685.3500000,680.0500000,680.0500000,666.6000000,670.1000000,670.1000000,-2.2200000,743.0000000,14300.0000000,11.0000000,9643465.0000000
FUTSTKNESTLEIND25-JUL-2024,2635.6500000,2635.0000000,2648.5500000,2590.3000000,2599.9500000,2599.9500000,-1.3500000,33007.0000000,1432600.0000000,7163.0000000,3748375900.0000000
FUTSTKHDFCLIFE25-JUL-2024,650.7000000,646.5000000,648.0000000,635.9000000,637.0000000,637.0000000,-2.1000000,24154.0000000,5129300.0000000,4663.0000000,3283903205.0000000
FUTSTKASHOKLEY25-JUL-2024,228.4700000,228.5500000,228.5500000,222.8100000,223.7700000,223.7700000,-2.0500000,14712.0000000,28135000.0000000,5627.0000000,6355273600.0000000
FUTSTKICICIBANK26-SEP-2024,1256.5500000,1252.1000000,1254.5000000,1248.0000000,1253.5500000,1253.5500000,-0.2300000,170.0000000,63000.0000000,90.0000000,78847860.0000000
FUTSTKCOALINDIA29-AUG-2024,504.2500000,504.2500000,504.2500000,485.0000000,486.0500000,486.0500000,-3.6000000,5425.0000000,6413400.0000000,3054.0000000,3148779060.0000000
FUTSTKABFRL29-AUG-2024,323.7500000,321.9000000,322.0500000,313.0000000,316.8000000,316.8000000,-2.1400000,4388.0000000,7870200.0000000,3027.0000000,2497261780.0000000
FUTSTKHINDCOPPER29-AUG-2024,323.0500000,317.0000000,319.8000000,307.3000000,309.1000000,309.1000000,-4.3100000,2181.0000000,164300.0000000,62.0000000,51347327.5000000
FUTSTKINDUSINDBK26-SEP-2024,1477.5000000,1469.6000000,1469.6500000,1452.2000000,1453.5000000,1453.5000000,-1.6200000,358.0000000,54000.0000000,108.0000000,78690750.0000000
FUTSTKAMBUJACEM25-JUL-2024,691.7000000,691.4500000,691.4500000,671.6500000,677.2500000,677.2500000,-2.0800000,33551.0000000,8070300.0000000,8967.0000000,5484129975.0000000
FUTSTKJINDALSTEL25-JUL-2024,992.1000000,991.0000000,991.0000000,944.2000000,946.0500000,946.0500000,-4.6400000,24440.0000000,5688750.0000000,9102.0000000,5462745906.2500000
FUTSTKHCLTECH26-SEP-2024,1604.9500000,1615.0000000,1622.0000000,1599.7500000,1602.6500000,1602.6500000,-0.1400000,160.0000000,47600.0000000,136.0000000,76718005.0000000
FUTSTKDLF25-JUL-2024,845.6000000,846.8000000,847.8000000,808.8000000,815.2500000,815.2500000,-3.5800000,43378.0000000,11092950.0000000,13446.0000000,9124293213.7500000
FUTSTKDLF26-SEP-2024,851.8000000,850.0000000,850.0000000,815.1500000,821.1000000,821.1000000,-3.6000000,189.0000000,98175.0000000,119.0000000,81161808.7500000
FUTSTKSYNGENE26-SEP-2024,718.4000000,705.0000000,706.3000000,690.0000000,701.6000000,701.6000000,-2.3300000,179.0000000,53000.0000000,53.0000000,37047700.0000000
FUTSTKMRF25-JUL-2024,132584.3500000,131921.0500000,131921.0500000,127244.5000000,127756.0500000,127756.0500000,-3.6400000,11824.0000000,37460.0000000,7492.0000000,4812784020.2500000
FUTSTKMUTHOOTFIN25-JUL-2024,1855.3000000,1858.2000000,1858.2000000,1812.9000000,1842.2500000,1842.2500000,-0.7000000,8801.0000000,1455300.0000000,2646.0000000,2669741580.0000000
FUTSTKMCX26-SEP-2024,4117.5500000,4050.0000000,4050.0000000,3850.0000000,3854.9000000,3854.9000000,-6.3700000,87.0000000,16600.0000000,83.0000000,65202850.0000000
FUTSTKTATASTEEL25-JUL-2024,166.8200000,166.5000000,166.5000000,157.4300000,157.7400000,157.7400000,-5.4400000,39935.0000000,126137000.0000000,22934.0000000,20235912950.0000000
FUTSTKMFSL29-AUG-2024,1043.9500000,1029.2000000,1041.6000000,1014.1000000,1019.0000000,1019.0000000,-2.3800000,438.0000000,400800.0000000,501.0000000,410185160.0000000
FUTSTKVOLTAS25-JUL-2024,1498.3000000,1504.5000000,1509.0000000,1471.1500000,1475.7500000,1475.7500000,-1.5000000,11753.0000000,3040800.0000000,5068.0000000,4517923500.0000000
FUTSTKGLENMARK25-JUL-2024,1411.0000000,1411.6000000,1419.8000000,1383.8000000,1412.5000000,1412.5000000,0.1000000,6473.0000000,1404325.0000000,1937.0000000,1969419507.5000000
FUTSTKTRENT25-JUL-2024,5323.0500000,5256.7500000,5305.9500000,5114.7000000,5166.0000000,5166.0000000,-2.9500000,13412.0000000,1246200.0000000,6231.0000000,6457380050.0000000
FUTSTKEICHERMOT25-JUL-2024,4930.2000000,4900.0000000,4935.0000000,4818.3500000,4830.1500000,4830.1500000,-2.0200000,18947.0000000,888300.0000000,5076.0000000,4303030821.2500000
FUTSTKMRF29-AUG-2024,133289.3000000,132367.0000000,132367.0000000,128000.0000000,128311.9000000,128311.9000000,-3.7300000,2433.0000000,12015.0000000,2403.0000000,1551149967.5000000
FUTSTKINFY25-JUL-2024,1762.1500000,1819.8000000,1836.5000000,1789.1000000,1795.6500000,1795.6500000,1.9000000,104292.0000000,47182000.0000000,117955.0000000,85528281840.0000000
FUTSTKSIEMENS29-AUG-2024,7183.4500000,7150.0000000,7203.0000000,6880.0000000,6892.0500000,6892.0500000,-4.0500000,2524.0000000,361050.0000000,2407.0000000,2526062325.0000000
FUTSTKLTIM29-AUG-2024,5811.2500000,5820.0000000,5928.0000000,5775.0000000,5808.9500000,5808.9500000,-0.0300000,3493.0000000,530550.0000000,3537.0000000,3098298615.0000000
FUTSTKBEL29-AUG-2024,315.8500000,312.2000000,318.7000000,307.1000000,307.9500000,307.9500000,-2.5000000,15468.0000000,25661400.0000000,9004.0000000,7985848770.0000000
FUTSTKCONCOR26-SEP-2024,1053.3500000,1044.2500000,1051.0000000,1019.2000000,1020.2500000,1020.2500000,-3.1400000,226.0000000,86000.0000000,86.0000000,88874600.0000000
FUTSTKACC29-AUG-2024,2712.0500000,2700.0500000,2705.0000000,2614.0000000,2636.2000000,2636.2000000,-2.7900000,2071.0000000,544500.0000000,1815.0000000,1440024570.0000000
FUTSTKHINDALCO25-JUL-2024,691.6500000,690.0500000,690.0500000,658.6500000,662.3000000,662.3000000,-4.2400000,27154.0000000,18636800.0000000,13312.0000000,12458492900.0000000
FUTSTKNMDC25-JUL-2024,241.8800000,241.6900000,241.6900000,227.7900000,228.7000000,228.7000000,-5.4400000,18190.0000000,49086000.0000000,10908.0000000,11405897640.0000000
FUTSTKTATACHEM25-JUL-2024,1061.1500000,1061.5000000,1062.0000000,1037.6000000,1042.8500000,1042.8500000,-1.7200000,16154.0000000,3615700.0000000,6574.0000000,3778736720.0000000
FUTSTKSIEMENS25-JUL-2024,7134.0500000,7117.4500000,7160.7000000,6828.2000000,6847.2000000,6847.2000000,-4.0200000,11813.0000000,935100.0000000,6234.0000000,6491811075.0000000
FUTSTKLTTS25-JUL-2024,4736.8000000,4720.0500000,4984.7000000,4705.0000000,4888.1500000,4888.1500000,3.1900000,10122.0000000,2855500.0000000,28555.0000000,13855370340.0000000
FUTIDXNIFTY29-AUG-2024,24924.1500000,24935.8500000,24950.0000000,24635.2500000,24657.2000000,24657.2000000,-1.0700000,126379.0000000,1807450.0000000,72298.0000000,44761894650.0000000
FUTSTKINDIAMART25-JUL-2024,2928.3500000,2930.5000000,2947.9500000,2785.0000000,2802.3500000,2802.3500000,-4.3000000,5098.0000000,1226400.0000000,4088.0000000,3496950315.0000000
FUTSTKHAVELLS29-AUG-2024,1879.7500000,1888.7000000,1895.0000000,1777.6500000,1782.3500000,1782.3500000,-5.1800000,3474.0000000,1715000.0000000,3430.0000000,3106276025.0000000
FUTSTKAPOLLOTYRE25-JUL-2024,550.9500000,537.0000000,537.0000000,501.8000000,523.2500000,523.2500000,-5.0200000,6349.0000000,22912600.0000000,13478.0000000,11911696680.0000000
FUTSTKUBL26-SEP-2024,2060.3500000,2061.0000000,2061.0000000,2013.0000000,2014.6500000,2014.6500000,-2.2100000,49.0000000,4400.0000000,11.0000000,8957440.0000000
FUTSTKBOSCHLTD26-SEP-2024,35643.5000000,34050.0000000,34050.0000000,33301.0000000,33336.8500000,33336.8500000,-6.4700000,93.0000000,1075.0000000,43.0000000,36302663.7500000
FUTSTKBALRAMCHIN29-AUG-2024,453.5000000,449.0500000,449.5000000,442.0000000,443.1500000,443.1500000,-2.2800000,1470.0000000,51200.0000000,32.0000000,22791360.0000000
FUTSTKUPL29-AUG-2024,563.6500000,560.5000000,563.8000000,544.8500000,545.7000000,545.7000000,-3.1800000,5104.0000000,3361800.0000000,2586.0000000,1855108840.0000000
FUTSTKTATASTEEL26-SEP-2024,169.1700000,168.0400000,168.0400000,159.9100000,160.1000000,160.1000000,-5.3600000,633.0000000,2370500.0000000,431.0000000,385636460.0000000
FUTSTKCONCOR25-JUL-2024,1043.7000000,1043.7000000,1043.7000000,1007.5500000,1011.3500000,1011.3500000,-3.0900000,16680.0000000,5932000.0000000,5932.0000000,6073615250.0000000
FUTSTKBHARTIARTL25-JUL-2024,1483.6000000,1477.5500000,1478.0000000,1455.0000000,1463.0000000,1463.0000000,-1.3800000,78448.0000000,7863625.0000000,16555.0000000,11510710363.7500000
FUTSTKBAJAJFINSV26-SEP-2024,1672.8500000,1670.0000000,1679.0000000,1662.0000000,1662.5500000,1662.5500000,-0.6100000,120.0000000,31500.0000000,63.0000000,52539725.0000000
FUTSTKDRREDDY29-AUG-2024,6682.4000000,6658.6500000,6710.0000000,6604.0000000,6617.6500000,6617.6500000,-0.9600000,4298.0000000,383250.0000000,3066.0000000,2550627293.7500000
FUTSTKUPL25-JUL-2024,560.3500000,559.3000000,560.6000000,541.2000000,542.2000000,542.2000000,-3.2300000,24700.0000000,8802300.0000000,6771.0000000,4829635200.0000000
FUTSTKSRF26-SEP-2024,2428.4500000,2421.6000000,2421.6000000,2359.0000000,2361.0000000,2361.0000000,-2.7700000,108.0000000,7125.0000000,19.0000000,16987687.5000000
FUTSTKCOALINDIA26-SEP-2024,507.1500000,502.0000000,503.7500000,488.6000000,489.1500000,489.1500000,-3.5400000,169.0000000,258300.0000000,123.0000000,127365210.0000000
FUTSTKBOSCHLTD25-JUL-2024,34943.3000000,34986.4000000,34996.7500000,33850.0500000,33973.1500000,33973.1500000,-2.7700000,11041.0000000,54450.0000000,2178.0000000,1861152435.0000000
FUTSTKOFSS29-AUG-2024,11054.8000000,11175.9000000,11231.0000000,10777.0000000,10880.9500000,10880.9500000,-1.5700000,1496.0000000,160300.0000000,1603.0000000,1756992825.0000000
FUTSTKGODREJPROP29-AUG-2024,3379.1500000,3379.1500000,3379.1500000,3250.0500000,3270.5000000,3270.5000000,-3.2100000,1799.0000000,275400.0000000,1224.0000000,908960051.2500000
FUTSTKBHARATFORG26-SEP-2024,1646.7500000,1646.7500000,1650.0000000,1598.0500000,1600.3000000,1600.3000000,-2.8200000,90.0000000,33500.0000000,67.0000000,54350375.0000000
FUTSTKDIVISLAB29-AUG-2024,4596.4500000,4598.4500000,4598.4500000,4503.0000000,4516.9000000,4516.9000000,-1.7300000,1098.0000000,116400.0000000,582.0000000,527955400.0000000
FUTSTKSUNPHARMA26-SEP-2024,1616.6000000,1603.5000000,1605.8500000,1586.8500000,1586.8500000,1586.8500000,-1.8400000,38.0000000,3500.0000000,10.0000000,5600525.0000000
FUTSTKHINDUNILVR26-SEP-2024,2775.0500000,2775.5500000,2779.7500000,2757.8500000,2762.1500000,2762.1500000,-0.4600000,140.0000000,18900.0000000,63.0000000,52322535.0000000
FUTSTKESCORTS29-AUG-2024,4026.4000000,4027.5000000,4049.9500000,3938.1000000,3942.8000000,3942.8000000,-2.0700000,740.0000000,202125.0000000,735.0000000,806687860.0000000
FUTSTKTVSMOTOR29-AUG-2024,2429.2000000,2437.5000000,2437.5000000,2388.5000000,2417.9000000,2417.9000000,-0.4600000,1621.0000000,409150.0000000,1169.0000000,986120187.5000000
FUTSTKASTRAL26-SEP-2024,2281.3500000,2246.9500000,2260.8000000,2234.9500000,2255.4500000,2255.4500000,-1.1300000,41.0000000,8808.0000000,24.0000000,19748710.4000000
FUTSTKGRANULES26-SEP-2024,523.9500000,519.9000000,521.2500000,509.7000000,509.7000000,509.7000000,-2.7100000,41.0000000,42000.0000000,21.0000000,21725800.0000000
FUTSTKM&M29-AUG-2024,2837.8500000,2837.3500000,2840.0000000,2768.0000000,2771.0500000,2771.0500000,-2.3500000,6019.0000000,1241800.0000000,3548.0000000,3469140657.5000000
FUTSTKALKEM29-AUG-2024,5304.1000000,5277.6500000,5280.6000000,5155.6000000,5172.1000000,5172.1000000,-2.4800000,2497.0000000,250700.0000000,2507.0000000,1305613595.0000000
FUTSTKSYNGENE25-JUL-2024,742.2500000,746.4000000,747.6500000,722.3000000,729.4500000,729.4500000,-1.7200000,6666.0000000,4329000.0000000,4329.0000000,3160322600.0000000
FUTSTKM&M26-SEP-2024,2855.4000000,2850.0000000,2854.0000000,2785.1500000,2787.5000000,2787.5000000,-2.3700000,244.0000000,39200.0000000,112.0000000,110635227.5000000
FUTSTKJKCEMENT26-SEP-2024,4434.1500000,4309.0000000,4319.0000000,4225.6500000,4225.6500000,4225.6500000,-4.7000000,23.0000000,1000.0000000,8.0000000,4283512.5000000
FUTSTKABB26-SEP-2024,8012.6500000,8007.2500000,8007.5000000,7720.3000000,7732.6500000,7732.6500000,-3.4900000,104.0000000,5375.0000000,43.0000000,42013862.5000000
FUTSTKCOFORGE25-JUL-2024,5982.1500000,5977.5500000,6095.5000000,5905.2000000,5931.9500000,5931.9500000,-0.8300000,12141.0000000,1236450.0000000,8243.0000000,7414063665.0000000
FUTSTKUNITDSPR29-AUG-2024,1309.7000000,1308.3500000,1324.9000000,1299.0000000,1308.2500000,1308.2500000,-0.1100000,2523.0000000,1512000.0000000,2160.0000000,1986650680.0000000
FUTSTKLTTS26-SEP-2024,4663.9500000,4715.0000000,4847.8500000,4690.0000000,4749.7500000,4749.7500000,1.8300000,457.0000000,40700.0000000,407.0000000,194014815.0000000
FUTSTKPAGEIND29-AUG-2024,39608.9500000,39598.8500000,40091.3000000,39274.5500000,39877.1000000,39877.1000000,0.6700000,2047.0000000,17580.0000000,1172.0000000,698290780.5000000
FUTSTKMCX25-JUL-2024,4082.6500000,4042.0500000,4050.3500000,3801.1000000,3819.4500000,3819.4500000,-6.4400000,10951.0000000,1525600.0000000,7628.0000000,5909082920.0000000
FUTSTKRBLBANK25-JUL-2024,242.9000000,241.5000000,245.5000000,238.0000000,240.4500000,240.4500000,-1.0000000,19573.0000000,2392500.0000000,957.0000000,579264625.0000000
FUTSTKOBEROIRLTY26-SEP-2024,1742.7500000,1725.0000000,1725.0000000,1666.0000000,1690.0000000,1690.0000000,-3.0200000,32.0000000,4900.0000000,7.0000000,8301265.0000000
FUTSTKBANKBARODA29-AUG-2024,258.0000000,258.3000000,259.2000000,250.4000000,252.1000000,252.1000000,-2.2800000,7017.0000000,14689350.0000000,5022.0000000,3738642716.2500000
FUTSTKJSWSTEEL29-AUG-2024,937.6500000,930.2000000,930.4500000,894.4000000,896.3500000,896.3500000,-4.4000000,3613.0000000,3226500.0000000,4780.0000000,2939909006.2500000
FUTSTKCOROMANDEL25-JUL-2024,1598.2000000,1591.8000000,1608.1500000,1560.4000000,1591.8000000,1591.8000000,-0.4000000,5138.0000000,1196300.0000000,1709.0000000,1898263815.0000000
FUTSTKDIXON25-JUL-2024,11989.6500000,11975.0000000,11975.0000000,11241.4500000,11293.6000000,11293.6000000,-5.8000000,18082.0000000,1102400.0000000,11024.0000000,12643807345.0000000
FUTSTKMARICO29-AUG-2024,688.6500000,685.0000000,689.4500000,670.9000000,672.0000000,672.0000000,-2.4100000,1230.0000000,1444800.0000000,1204.0000000,977958240.0000000
FUTSTKSHRIRAMFIN25-JUL-2024,2853.5000000,2850.2500000,2859.5000000,2778.3500000,2791.5500000,2791.5500000,-2.1700000,24770.0000000,1593000.0000000,5310.0000000,4472837145.0000000
FUTSTKCIPLA25-JUL-2024,1511.3000000,1509.1500000,1509.1500000,1480.0500000,1484.6500000,1484.6500000,-1.7600000,14430.0000000,2278900.0000000,3506.0000000,3395901957.5000000
FUTSTKAUROPHARMA26-SEP-2024,1352.9000000,1344.8500000,1360.6500000,1344.8000000,1346.5000000,1346.5000000,-0.4700000,65.0000000,20900.0000000,38.0000000,28299150.0000000
FUTSTKESCORTS25-JUL-2024,4005.1500000,4005.1500000,4028.9000000,3914.0000000,3923.3500000,3923.3500000,-2.0400000,4833.0000000,731225.0000000,2659.0000000,2898382107.5000000
FUTSTKSBICARD29-AUG-2024,726.6000000,727.4000000,727.4000000,712.0000000,713.8000000,713.8000000,-1.7600000,5610.0000000,2186400.0000000,2733.0000000,1568636480.0000000
FUTSTKBAJAJ-AUTO26-SEP-2024,9754.3000000,9780.0000000,9780.0000000,9486.9500000,9506.0500000,9506.0500000,-2.5400000,183.0000000,5175.0000000,69.0000000,49711871.2500000
FUTSTKLTTS29-AUG-2024,4681.1000000,4689.6500000,4884.9500000,4689.6500000,4786.4500000,4786.4500000,2.2500000,5975.0000000,1186100.0000000,11861.0000000,5676561470.0000000
FUTSTKPIIND29-AUG-2024,3926.5500000,3930.8000000,3935.4000000,3836.1000000,3847.5500000,3847.5500000,-2.0100000,717.0000000,189250.0000000,757.0000000,733107750.0000000
FUTSTKIPCALAB26-SEP-2024,1224.6000000,1208.0000000,1208.0000000,1195.0000000,1194.8000000,1194.8000000,-2.4300000,36.0000000,8450.0000000,13.0000000,10177927.5000000
FUTSTKDIXON29-AUG-2024,12056.9000000,11984.7000000,11984.7000000,11315.1000000,11367.4000000,11367.4000000,-5.7100000,2997.0000000,442700.0000000,4427.0000000,5108007355.0000000
FUTSTKMFSL25-JUL-2024,1037.6500000,1022.9000000,1036.0000000,1006.0000000,1011.7000000,1011.7000000,-2.5000000,4444.0000000,1448000.0000000,1810.0000000,1473358720.0000000
FUTSTKJSWSTEEL25-JUL-2024,931.4000000,926.7000000,926.7000000,888.6000000,890.5000000,890.5000000,-4.3900000,24310.0000000,8974125.0000000,13295.0000000,8117582973.7500000
FUTSTKAPOLLOHOSP26-SEP-2024,6594.7000000,6516.0000000,6516.0000000,6450.0000000,6458.1000000,6458.1000000,-2.0700000,41.0000000,1375.0000000,11.0000000,8911043.7500000
FUTSTKUNITDSPR26-SEP-2024,1317.8000000,1309.0000000,1331.1000000,1309.0000000,1324.0000000,1315.8000000,-0.1500000,67.0000000,9800.0000000,14.0000000,12988010.0000000
FUTSTKACC26-SEP-2024,2728.0000000,2681.3000000,2686.5000000,2638.7000000,2654.0000000,2654.0000000,-2.7100000,69.0000000,7200.0000000,24.0000000,19122345.0000000
FUTSTKMOTHERSON29-AUG-2024,205.7700000,206.7500000,206.7600000,192.4100000,193.1600000,193.1600000,-6.1200000,2782.0000000,25084300.0000000,3533.0000000,4944115459.0000000
FUTSTKCANFINHOME26-SEP-2024,888.2000000,872.0000000,873.7000000,858.2500000,858.2500000,861.1000000,-3.0500000,38.0000000,17550.0000000,18.0000000,15248171.2500000
FUTSTKNESTLEIND29-AUG-2024,2651.7500000,2653.9000000,2665.0000000,2608.0000000,2618.0500000,2618.0500000,-1.2700000,3483.0000000,446600.0000000,2233.0000000,1176349770.0000000
FUTSTKSHRIRAMFIN29-AUG-2024,2872.0500000,2848.6500000,2878.0500000,2796.8500000,2811.6000000,2811.6000000,-2.1000000,2045.0000000,464100.0000000,1547.0000000,1312899405.0000000
FUTSTKPVRINOX26-SEP-2024,1397.6500000,1397.6500000,1410.0000000,1376.6500000,1387.0000000,1387.0000000,-0.7600000,427.0000000,25234.0000000,62.0000000,35250921.2000000
FUTSTKBANDHANBNK26-SEP-2024,197.9000000,194.5100000,195.5000000,191.0000000,192.0100000,192.0100000,-2.9700000,460.0000000,53200.0000000,19.0000000,10251724.0000000
FUTSTKNAVINFLUOR29-AUG-2024,3691.9500000,3667.1000000,3680.2500000,3563.2000000,3574.9500000,3574.9500000,-3.1600000,3327.0000000,283500.0000000,1620.0000000,1021188201.2500000
FUTSTKEXIDEIND25-JUL-2024,554.2000000,553.4000000,563.9500000,536.7500000,539.1500000,539.1500000,-2.7100000,13023.0000000,12121200.0000000,6734.0000000,6662351430.0000000
FUTSTKIRCTC25-JUL-2024,1011.1000000,1015.1000000,1016.3000000,984.1500000,988.1000000,988.1000000,-2.2700000,20560.0000000,6696375.0000000,7653.0000000,6667778337.5000000
FUTSTKCOFORGE26-SEP-2024,5899.0500000,5948.0000000,5996.0000000,5825.1500000,5838.7000000,5838.7000000,-1.0200000,143.0000000,10500.0000000,70.0000000,62065417.5000000
FUTSTKBEL26-SEP-2024,318.2500000,314.5500000,320.6000000,309.5000000,310.3000000,310.3000000,-2.4900000,1216.0000000,1254000.0000000,440.0000000,392503710.0000000
FUTSTKSBICARD26-SEP-2024,725.5000000,723.3500000,724.8500000,710.3500000,712.4500000,712.4500000,-1.7900000,1109.0000000,267200.0000000,334.0000000,191516600.0000000
FUTIDXBANKNIFTY31-JUL-2024,52670.3500000,52535.0000000,52640.0000000,52131.9500000,52270.6500000,52270.6500000,-0.7500000,129783.0000000,2216475.0000000,147765.0000000,116024355186.7500000
FUTSTKULTRACEMCO25-JUL-2024,11684.3000000,11684.3000000,11684.3000000,11237.6000000,11275.5000000,11275.5000000,-3.4900000,20507.0000000,1923700.0000000,19237.0000000,21898936700.0000000
FUTSTKRBLBANK29-AUG-2024,244.6500000,242.1000000,245.2000000,239.3000000,241.2000000,241.2000000,-1.4100000,5034.0000000,707500.0000000,283.0000000,172014250.0000000
FUTSTKPOWERGRID25-JUL-2024,342.1500000,337.6000000,342.6000000,332.0000000,332.8500000,332.8500000,-2.7100000,16925.0000000,23590800.0000000,6553.0000000,7927039260.0000000
FUTSTKBANDHANBNK29-AUG-2024,196.5200000,194.5200000,195.6800000,190.1000000,191.2600000,191.2600000,-2.6700000,11860.0000000,554400.0000000,198.0000000,106587432.0000000
FUTSTKTITAN29-AUG-2024,3286.7000000,3286.7000000,3304.4000000,3265.0000000,3278.2000000,3278.2000000,-0.2500000,7752.0000000,646800.0000000,3696.0000000,2125153966.2500000
FUTSTKINDHOTEL25-JUL-2024,584.0500000,584.8000000,584.8000000,572.3500000,578.1500000,578.1500000,-1.0100000,19574.0000000,8597000.0000000,8597.0000000,4966514650.0000000
FUTSTKGUJGASLTD25-JUL-2024,635.9500000,637.3500000,637.3500000,614.3500000,620.1000000,620.1000000,-2.4900000,6154.0000000,4115000.0000000,3292.0000000,2569269875.0000000
FUTSTKTVSMOTOR25-JUL-2024,2413.8500000,2417.7000000,2418.4000000,2372.3500000,2401.8000000,2401.8000000,-0.4900000,12785.0000000,1369550.0000000,3913.0000000,3279448480.0000000
FUTSTKCUMMINSIND29-AUG-2024,3809.5500000,3818.2500000,3853.2000000,3577.0000000,3585.6000000,3585.6000000,-5.8700000,1525.0000000,592500.0000000,1975.0000000,2169900825.0000000
FUTSTKLTF29-AUG-2024,185.9500000,185.6600000,186.0600000,175.9100000,176.9700000,176.9700000,-4.8200000,6678.0000000,10958672.0000000,2456.0000000,1971732902.0400000
FUTSTKPIDILITIND26-SEP-2024,3238.4000000,3246.7000000,3252.0000000,3156.0000000,3166.5000000,3166.5000000,-2.2200000,20.0000000,2500.0000000,10.0000000,7996750.0000000
FUTSTKABCAPITAL26-SEP-2024,225.8700000,225.8700000,225.8700000,218.6000000,218.9000000,218.9000000,-3.0800000,101.0000000,199800.0000000,37.0000000,44201808.0000000
FUTSTKAARTIIND29-AUG-2024,709.3500000,708.8500000,708.8500000,673.0000000,675.5000000,675.5000000,-4.7700000,2749.0000000,3190000.0000000,3190.0000000,2192668950.0000000
FUTSTKMANAPPURAM26-SEP-2024,230.5900000,229.3200000,229.3900000,219.0000000,219.1200000,219.1200000,-4.9700000,73.0000000,93000.0000000,31.0000000,20761230.0000000
FUTSTKDALBHARAT26-SEP-2024,1949.8000000,1953.0000000,1953.0000000,1831.0000000,1838.5000000,1838.5000000,-5.7000000,101.0000000,35750.0000000,130.0000000,66897778.7500000
FUTSTKLUPIN25-JUL-2024,1823.4000000,1815.9000000,1825.1500000,1780.5500000,1785.4000000,1785.4000000,-2.0800000,22919.0000000,2360025.0000000,5553.0000000,4234653590.0000000
FUTSTKHEROMOTOCO25-JUL-2024,5520.2000000,5535.2000000,5535.2000000,5376.2500000,5427.7500000,5427.7500000,-1.6700000,24922.0000000,855450.0000000,5703.0000000,4646237235.0000000
FUTSTKRECLTD25-JUL-2024,611.9500000,609.6000000,622.0000000,597.3000000,599.0500000,599.0500000,-2.1000000,24042.0000000,27172000.0000000,13586.0000000,16492652300.0000000
FUTSTKCANBK26-SEP-2024,117.6200000,116.5600000,117.3400000,114.1200000,114.5300000,114.5300000,-2.6200000,322.0000000,634500.0000000,94.0000000,73298992.5000000
FUTSTKATUL29-AUG-2024,7186.1500000,7185.2000000,7198.6000000,6918.8000000,7020.5500000,7020.5500000,-2.3000000,2915.0000000,474800.0000000,4748.0000000,3349258635.0000000
FUTSTKLAURUSLABS29-AUG-2024,460.9000000,460.9000000,461.6000000,442.0000000,443.3500000,443.3500000,-3.8000000,1544.0000000,2113100.0000000,1243.0000000,949598665.0000000
FUTSTKUNITDSPR25-JUL-2024,1300.8000000,1299.1000000,1315.9500000,1288.2000000,1300.7500000,1300.7500000,0.0000000,17193.0000000,5701500.0000000,8145.0000000,7443555630.0000000
FUTSTKGRANULES29-AUG-2024,521.0000000,521.1000000,521.1500000,502.6500000,504.9000000,504.9000000,-3.0900000,386.0000000,768000.0000000,384.0000000,393283000.0000000
FUTSTKAUROPHARMA29-AUG-2024,1346.0500000,1328.0000000,1360.5000000,1328.0000000,1340.0500000,1340.0500000,-0.4400000,1810.0000000,1048850.0000000,1907.0000000,1412642275.0000000
FUTSTKABB29-AUG-2024,7950.4000000,7981.9000000,7998.7500000,7663.2500000,7676.5000000,7676.5000000,-3.4400000,1980.0000000,233000.0000000,1864.0000000,1804558243.7500000
FUTSTKTCS26-SEP-2024,4361.5500000,4393.0000000,4409.4500000,4334.7500000,4356.2500000,4356.2500000,-0.1200000,486.0000000,31500.0000000,180.0000000,137831400.0000000
FUTSTKTATACOMM26-SEP-2024,1899.3000000,1897.5000000,1905.0000000,1808.0000000,1808.8500000,1808.8500000,-4.7600000,80.0000000,23500.0000000,47.0000000,43017250.0000000
FUTSTKAPOLLOTYRE26-SEP-2024,554.7500000,546.4000000,549.2500000,512.2500000,523.5500000,523.5500000,-5.6200000,76.0000000,200600.0000000,118.0000000,105562860.0000000
FUTSTKHCLTECH29-AUG-2024,1593.4500000,1604.7500000,1613.7500000,1588.0500000,1591.5500000,1591.5500000,-0.1100000,4809.0000000,1582000.0000000,4520.0000000,2531565540.0000000
FUTSTKTITAN26-SEP-2024,3309.5500000,3290.0000000,3325.0000000,3290.0000000,3299.7500000,3299.7500000,-0.2900000,675.0000000,37275.0000000,213.0000000,123472387.5000000
FUTSTKCANBK29-AUG-2024,116.8900000,115.9100000,117.6900000,113.3000000,113.8200000,113.8200000,-2.6200000,6949.0000000,32683500.0000000,4842.0000000,3758348565.0000000
FUTSTKRECLTD29-AUG-2024,613.9500000,608.9000000,624.2500000,599.2000000,600.8000000,600.8000000,-2.1400000,4455.0000000,9744000.0000000,4872.0000000,5929013900.0000000
FUTSTKAPOLLOHOSP25-JUL-2024,6518.4500000,6448.8000000,6529.3500000,6366.0000000,6381.8000000,6381.8000000,-2.0900000,11326.0000000,388000.0000000,3104.0000000,2489728000.0000000
FUTSTKCANFINHOME29-AUG-2024,883.3500000,882.7000000,885.8000000,849.0000000,853.7000000,853.7000000,-3.3500000,742.0000000,818025.0000000,839.0000000,705291746.2500000
FUTSTKCOROMANDEL29-AUG-2024,1575.7500000,1570.0000000,1583.2500000,1537.0000000,1567.0500000,1567.0500000,-0.5500000,1968.0000000,394800.0000000,564.0000000,617314985.0000000
FUTSTKM&M25-JUL-2024,2819.9500000,2810.7000000,2822.0000000,2749.2500000,2752.8000000,2752.8000000,-2.3800000,36656.0000000,3265500.0000000,9330.0000000,9077111697.5000000
FUTSTKUBL25-JUL-2024,2086.7500000,2076.1000000,2097.5500000,2027.9500000,2033.7500000,2033.7500000,-2.5300000,5575.0000000,844400.0000000,2111.0000000,1734825040.0000000
FUTSTKZYDUSLIFE25-JUL-2024,1186.5000000,1174.2000000,1174.2500000,1138.7500000,1145.8500000,1145.8500000,-3.4200000,17001.0000000,5506200.0000000,6118.0000000,6365978730.0000000
FUTSTKINDUSTOWER25-JUL-2024,419.2500000,419.2500000,424.3500000,405.5500000,409.7500000,409.7500000,-2.2600000,10196.0000000,23014600.0000000,6769.0000000,9496792280.0000000
FUTSTKGLENMARK29-AUG-2024,1418.2000000,1419.6500000,1427.0000000,1392.9500000,1419.6500000,1419.6500000,0.1000000,267.0000000,317550.0000000,438.0000000,448414167.5000000
FUTSTKCROMPTON26-SEP-2024,437.2000000,435.7500000,436.1000000,430.0000000,432.0000000,433.8500000,-0.7600000,43.0000000,10800.0000000,6.0000000,4681620.0000000
FUTSTKINDIAMART26-SEP-2024,2906.0000000,2920.0000000,2927.8500000,2793.9000000,2798.0500000,2798.0500000,-3.7100000,72.0000000,9000.0000000,30.0000000,25699395.0000000
FUTSTKSHREECEM29-AUG-2024,28226.4000000,28012.0500000,28012.0500000,27193.6000000,27294.8000000,27294.8000000,-3.3000000,741.0000000,21750.0000000,870.0000000,600249138.7500000
FUTIDXNIFTYNXT5027-SEP-2024,73976.2000000,73559.0500000,73559.0500000,72250.0000000,72316.1000000,72316.1000000,-2.2400000,22.0000000,170.0000000,17.0000000,12353445.0000000
FUTSTKCANBK25-JUL-2024,116.1700000,115.0000000,116.9800000,112.4100000,112.9300000,112.9300000,-2.7800000,38179.0000000,77895000.0000000,11540.0000000,8891349682.5000000
FUTSTKIOC29-AUG-2024,171.2100000,170.9000000,171.5800000,166.4000000,166.7900000,166.7900000,-2.5800000,6729.0000000,21654750.0000000,4442.0000000,3642147941.2500000
FUTSTKHAVELLS26-SEP-2024,1888.9000000,1885.5500000,1885.5500000,1792.0000000,1795.0000000,1795.0000000,-4.9700000,41.0000000,14000.0000000,28.0000000,25594400.0000000
FUTSTKUPL26-SEP-2024,567.4500000,560.0000000,566.3000000,548.6000000,549.1500000,549.1500000,-3.2200000,406.0000000,193700.0000000,149.0000000,107433690.0000000
FUTSTKBEL25-JUL-2024,314.3500000,310.8000000,317.3500000,305.7000000,306.5000000,306.5000000,-2.4900000,37589.0000000,60833250.0000000,21345.0000000,18846847650.0000000
FUTSTKABCAPITAL25-JUL-2024,223.5800000,223.0000000,223.5700000,215.0100000,215.6700000,215.6700000,-3.5300000,11401.0000000,14742000.0000000,2730.0000000,3215199366.0000000
FUTSTKNTPC26-SEP-2024,380.8500000,377.0000000,380.2500000,365.2000000,366.3500000,366.3500000,-3.8000000,384.0000000,234000.0000000,156.0000000,87030750.0000000
FUTSTKADANIPORTS29-AUG-2024,1506.9500000,1503.8500000,1513.4000000,1475.0000000,1477.4500000,1477.4500000,-1.9500000,9703.0000000,2596800.0000000,6492.0000000,3873382660.0000000
FUTSTKBAJAJFINSV29-AUG-2024,1662.8000000,1665.0000000,1669.6500000,1647.4500000,1650.4500000,1650.4500000,-0.7400000,1967.0000000,733000.0000000,1466.0000000,1214796100.0000000
FUTSTKHAL26-SEP-2024,5075.7500000,4993.4500000,5051.0000000,4850.0000000,4851.0000000,4851.0000000,-4.4200000,1196.0000000,18900.0000000,63.0000000,94114860.0000000
FUTSTKSUNPHARMA25-JUL-2024,1595.1000000,1589.2500000,1589.2500000,1565.5500000,1567.7500000,1567.7500000,-1.7100000,44055.0000000,3435600.0000000,9816.0000000,5415409335.0000000
FUTSTKICICIPRULI26-SEP-2024,664.0500000,652.0000000,652.0000000,650.7500000,650.7500000,650.7500000,-2.0000000,19.0000000,4500.0000000,3.0000000,2932125.0000000
FUTSTKBAJFINANCE26-SEP-2024,7224.4000000,7224.4000000,7224.4000000,7020.0000000,7029.4500000,7029.4500000,-2.6900000,599.0000000,29000.0000000,232.0000000,205492243.7500000
FUTSTKMPHASIS29-AUG-2024,2852.0500000,2890.0000000,2934.9000000,2850.0000000,2881.0500000,2881.0500000,1.0100000,2726.0000000,1200650.0000000,4366.0000000,3467965105.0000000
FUTSTKDIVISLAB25-JUL-2024,4596.9000000,4599.6500000,4599.6500000,4499.9500000,4515.8500000,4515.8500000,-1.7600000,12358.0000000,585200.0000000,2926.0000000,2652810560.0000000
FUTSTKLAURUSLABS26-SEP-2024,464.2000000,459.7500000,459.7500000,445.3500000,445.5500000,445.5500000,-4.0100000,113.0000000,103700.0000000,61.0000000,46768360.0000000
FUTSTKSYNGENE29-AUG-2024,726.6000000,733.0000000,733.0000000,701.0500000,711.7500000,711.7500000,-2.0400000,2764.0000000,2521000.0000000,2521.0000000,1794526650.0000000
FUTSTKJUBLFOOD29-AUG-2024,559.0000000,557.1000000,567.9000000,549.6000000,551.0000000,551.0000000,-1.4300000,4499.0000000,2081250.0000000,1665.0000000,1163175625.0000000
FUTSTKMARICO26-SEP-2024,691.9000000,691.8000000,691.8000000,675.1000000,676.0000000,676.0000000,-2.2900000,69.0000000,18000.0000000,15.0000000,12310560.0000000
FUTSTKAPOLLOTYRE29-AUG-2024,554.1500000,550.0000000,550.0000000,504.4000000,522.6500000,522.6500000,-5.6800000,1189.0000000,5885400.0000000,3462.0000000,3070568900.0000000
FUTSTKASIANPAINT25-JUL-2024,2936.1000000,2931.0000000,2984.9500000,2924.2000000,2948.5000000,2948.5000000,0.4200000,67118.0000000,4044600.0000000,20223.0000000,11959870180.0000000
FUTSTKTATACONSUM29-AUG-2024,1200.9500000,1195.0000000,1207.2000000,1188.7000000,1194.2000000,1194.2000000,-0.5600000,2833.0000000,929250.0000000,2065.0000000,1114707330.0000000
FUTSTKTCS29-AUG-2024,4336.1500000,4347.3500000,4384.8000000,4315.0000000,4330.0500000,4330.0500000,-0.1400000,12236.0000000,1620500.0000000,9260.0000000,7049235156.2500000
FUTSTKTITAN25-JUL-2024,3263.6500000,3263.4000000,3283.2500000,3242.6500000,3255.9500000,3255.9500000,-0.2300000,47796.0000000,2124325.0000000,12139.0000000,6931210903.7500000
FUTSTKLTIM26-SEP-2024,5848.8500000,5865.0000000,5952.0000000,5806.6500000,5838.5500000,5838.5500000,-0.1700000,102.0000000,13050.0000000,87.0000000,76658115.0000000
FUTSTKPOWERGRID26-SEP-2024,343.5000000,338.6000000,340.7000000,332.3000000,333.4000000,333.4000000,-2.9400000,63.0000000,75600.0000000,21.0000000,25531740.0000000
FUTSTKGRASIM26-SEP-2024,2831.1500000,2799.3000000,2800.7500000,2760.0000000,2769.5500000,2769.5500000,-2.1700000,33.0000000,6750.0000000,27.0000000,18756387.5000000
FUTSTKKOTAKBANK25-JUL-2024,1825.0000000,1815.8000000,1830.7500000,1806.0500000,1819.5000000,1819.5000000,-0.3000000,84849.0000000,11274800.0000000,28187.0000000,20510468120.0000000
FUTSTKALKEM26-SEP-2024,5331.1000000,5215.9500000,5230.0000000,5156.5000000,5156.5000000,5156.5000000,-3.2700000,13.0000000,300.0000000,3.0000000,1560245.0000000
FUTSTKSRF25-JUL-2024,2406.7500000,2400.8500000,2405.8500000,2332.7500000,2339.5000000,2339.5000000,-2.7900000,11860.0000000,1709250.0000000,4558.0000000,4042368393.7500000
FUTSTKVOLTAS29-AUG-2024,1506.7500000,1505.1000000,1516.1500000,1480.7000000,1485.1000000,1485.1000000,-1.4300000,1072.0000000,921000.0000000,1535.0000000,1377362430.0000000
FUTSTKGRASIM29-AUG-2024,2803.8000000,2799.2000000,2799.2000000,2744.3000000,2750.8000000,2750.8000000,-1.8900000,6255.0000000,335250.0000000,1341.0000000,927218787.5000000
FUTSTKDLF29-AUG-2024,846.4500000,846.9500000,847.4000000,809.4000000,816.0000000,816.0000000,-3.5900000,7676.0000000,5014350.0000000,6078.0000000,4124360872.5000000
FUTSTKLICHSGFIN26-SEP-2024,799.8000000,797.9500000,797.9500000,771.2500000,773.2000000,773.2000000,-3.3200000,181.0000000,96000.0000000,96.0000000,75157250.0000000
FUTSTKIRCTC26-SEP-2024,1022.1000000,1015.0000000,1022.7000000,995.0000000,997.1500000,997.1500000,-2.4400000,293.0000000,152250.0000000,174.0000000,153145300.0000000
FUTSTKINDIAMART29-AUG-2024,2912.9000000,2916.0500000,2933.0000000,2780.7500000,2796.8500000,2796.8500000,-3.9800000,958.0000000,402000.0000000,1340.0000000,1143691905.0000000
FUTSTKPERSISTENT25-JUL-2024,4904.6000000,4790.0000000,4790.0000000,4531.6000000,4591.4000000,4591.4000000,-6.3800000,10264.0000000,3947000.0000000,19735.0000000,18212825100.0000000
FUTSTKBATAINDIA26-SEP-2024,1542.1500000,1538.0500000,1547.7000000,1525.3500000,1532.0000000,1532.0000000,-0.6500000,115.0000000,10125.0000000,27.0000000,15542493.7500000
FUTSTKINFY26-SEP-2024,1783.7000000,1854.5500000,1861.8000000,1815.0000000,1818.4000000,1818.4000000,1.9400000,564.0000000,313600.0000000,784.0000000,575154500.0000000
FUTSTKBALKRISIND29-AUG-2024,3184.8500000,3170.1000000,3185.8500000,3111.0000000,3157.8500000,3157.8500000,-0.8400000,602.0000000,188400.0000000,628.0000000,593547885.0000000
FUTSTKHDFCBANK26-SEP-2024,1639.9500000,1640.0000000,1645.5000000,1625.1000000,1627.5500000,1627.5500000,-0.7500000,3988.0000000,327250.0000000,595.0000000,534429940.0000000
FUTIDXBANKNIFTY25-SEP-2024,53108.9000000,53198.8500000,53199.0000000,52644.0500000,52753.7500000,52753.7500000,-0.6600000,4505.0000000,48225.0000000,3215.0000000,2548040349.0000000
FUTSTKBATAINDIA29-AUG-2024,1532.9500000,1530.6500000,1539.0000000,1516.1000000,1520.2500000,1520.2500000,-0.8200000,1869.0000000,453000.0000000,1208.0000000,690596062.5000000
FUTSTKJINDALSTEL26-SEP-2024,1003.4500000,994.0000000,994.0000000,957.0500000,957.9500000,957.9500000,-4.5300000,94.0000000,34375.0000000,55.0000000,33290062.5000000
FUTSTKDIXON26-SEP-2024,12126.2000000,11982.7500000,11982.7500000,11400.0000000,11431.5000000,11431.5000000,-5.7200000,272.0000000,18600.0000000,186.0000000,215661415.0000000
FUTIDXMIDCPNIFTY26-AUG-2024,12477.2000000,12465.3000000,12465.3000000,12161.0500000,12177.5500000,12177.5500000,-2.4000000,5453.0000000,187300.0000000,3746.0000000,2295293095.0000000
FUTSTKASIANPAINT26-SEP-2024,2967.6500000,2965.0000000,3012.0000000,2957.0000000,2978.8500000,2978.8500000,0.3700000,648.0000000,57600.0000000,288.0000000,172115220.0000000
FUTSTKPETRONET26-SEP-2024,351.9500000,350.0000000,350.0000000,344.0000000,347.1500000,347.1500000,-1.3600000,76.0000000,162000.0000000,54.0000000,56181900.0000000
FUTSTKIDFC26-SEP-2024,117.3800000,116.2400000,116.5000000,114.8000000,115.0700000,115.0700000,-1.9600000,372.0000000,155000.0000000,31.0000000,17891500.0000000
FUTSTKGNFC26-SEP-2024,689.2000000,0.0000000,0.0000000,0.0000000,,673.4000000,-2.2900000,41.0000000,0.0000000,0.0000000,0.0000000
FUTSTKBHARATFORG25-JUL-2024,1626.6000000,1617.4500000,1633.4500000,1576.3500000,1579.5000000,1579.5000000,-2.8900000,14961.0000000,2230000.0000000,4460.0000000,3572434225.0000000
FUTSTKPNB29-AUG-2024,119.9500000,119.4800000,120.6100000,116.9100000,117.2000000,117.2000000,-2.2900000,5908.0000000,25320000.0000000,3165.0000000,2993725200.0000000
FUTSTKHINDUNILVR29-AUG-2024,2758.3000000,2762.2000000,2764.3000000,2738.4500000,2744.1000000,2744.1000000,-0.5100000,5042.0000000,1067700.0000000,3559.0000000,2934065280.0000000
FUTSTKASTRAL25-JUL-2024,2255.1000000,2248.6500000,2264.0000000,2225.0500000,2250.4000000,2250.4000000,-0.2000000,8108.0000000,1869498.0000000,5094.0000000,4196800112.5500000
FUTSTKGRANULES25-JUL-2024,519.0500000,518.9500000,519.9000000,500.4000000,502.8500000,502.8500000,-3.1200000,4824.0000000,2984000.0000000,1492.0000000,1521209100.0000000
FUTSTKBAJFINANCE25-JUL-2024,7128.0500000,7129.6500000,7129.6500000,6918.1000000,6933.7000000,6933.7000000,-2.7200000,69151.0000000,1917125.0000000,15337.0000000,13419823881.2500000
FUTSTKTATACONSUM25-JUL-2024,1193.3000000,1180.0000000,1199.8000000,1180.0000000,1186.7500000,1186.7500000,-0.5400000,20024.0000000,2828250.0000000,6285.0000000,3369423397.5000000
FUTSTKABFRL26-SEP-2024,320.2500000,318.0000000,318.0000000,312.9000000,315.0000000,315.0000000,-1.6300000,107.0000000,62400.0000000,24.0000000,19702800.0000000
FUTSTKBALRAMCHIN25-JUL-2024,449.3000000,446.0000000,446.5000000,437.0000000,440.4500000,440.4500000,-1.9600000,4547.0000000,550400.0000000,344.0000000,242905040.0000000
FUTSTKSUNTV26-SEP-2024,812.5000000,793.8000000,797.4500000,792.4000000,791.6000000,791.6000000,-2.5700000,17.0000000,19500.0000000,13.0000000,15499050.0000000
FUTSTKLUPIN26-SEP-2024,1844.9500000,1835.0000000,1835.0000000,1804.0000000,1807.1000000,1807.1000000,-2.0500000,139.0000000,19125.0000000,45.0000000,34765892.5000000
FUTSTKNMDC26-SEP-2024,243.9000000,242.9000000,242.9000000,229.7200000,230.5600000,230.5600000,-5.4600000,348.0000000,810000.0000000,180.0000000,189837270.0000000
FUTSTKHEROMOTOCO26-SEP-2024,5560.7500000,5493.0000000,5516.7500000,5416.0000000,5469.0000000,5469.0000000,-1.6400000,209.0000000,5850.0000000,39.0000000,31961415.0000000
FUTSTKCUB29-AUG-2024,159.0200000,158.0000000,158.6800000,154.2100000,155.5000000,155.5000000,-2.2100000,1798.0000000,5360000.0000000,1072.0000000,836694900.0000000
FUTSTKSBIN29-AUG-2024,899.4000000,898.2500000,904.5000000,889.2500000,894.9000000,894.9000000,-0.5000000,10640.0000000,6942000.0000000,9256.0000000,6222686737.5000000
FUTSTKZYDUSLIFE26-SEP-2024,1197.2500000,1177.8000000,1179.5000000,1155.0000000,1157.9000000,1157.9000000,-3.2800000,60.0000000,43200.0000000,48.0000000,50489775.0000000
FUTSTKIEX26-SEP-2024,176.3400000,174.5000000,175.5000000,171.0000000,171.7300000,171.7300000,-2.6100000,265.0000000,378750.0000000,101.0000000,65443500.0000000
FUTSTKSHREECEM26-SEP-2024,28456.7500000,27875.5500000,28000.0000000,27455.0000000,27572.1000000,27572.1000000,-3.1000000,26.0000000,400.0000000,16.0000000,11096632.5000000
FUTSTKBIOCON25-JUL-2024,344.2500000,344.5000000,344.5000000,334.0500000,335.2000000,335.2000000,-2.6200000,16283.0000000,11475000.0000000,4590.0000000,3889356000.0000000
FUTSTKJUBLFOOD25-JUL-2024,569.5000000,567.3500000,579.5000000,560.3000000,561.4500000,561.4500000,-1.4100000,14493.0000000,6195000.0000000,4956.0000000,3527658187.5000000
FUTSTKPIIND26-SEP-2024,3959.8500000,3900.0000000,3900.0000000,3900.0000000,3900.0000000,3888.6000000,-1.7900000,16.0000000,500.0000000,2.0000000,1950000.0000000
FUTSTKAUBANK29-AUG-2024,623.6000000,625.0000000,625.0000000,615.0000000,621.2500000,621.2500000,-0.3700000,5811.0000000,2714000.0000000,2714.0000000,1684307850.0000000
FUTSTKHDFCAMC25-JUL-2024,4169.7500000,4197.0000000,4209.0500000,4038.5000000,4059.3500000,4059.3500000,-2.6400000,17738.0000000,918750.0000000,6125.0000000,3757887787.5000000
FUTSTKBANKBARODA25-JUL-2024,256.4000000,255.9500000,257.5500000,248.5500000,250.3500000,250.3500000,-2.3500000,51120.0000000,33979725.0000000,11617.0000000,8588214911.2500000
FUTSTKICICIGI26-SEP-2024,1937.4500000,1920.5500000,1920.5500000,1907.0000000,1907.0000000,1907.0000000,-1.5700000,5.0000000,1500.0000000,3.0000000,2869025.0000000
FUTSTKSUNTV29-AUG-2024,803.6000000,795.1500000,799.7500000,787.4000000,789.2000000,789.2000000,-1.7900000,458.0000000,496500.0000000,331.0000000,393577200.0000000
FUTSTKSUNTV25-JUL-2024,801.7500000,796.2500000,799.0500000,784.8500000,787.2500000,787.2500000,-1.8000000,3963.0000000,1641000.0000000,1094.0000000,1297477200.0000000
FUTSTKIDEA29-AUG-2024,16.4300000,16.5500000,16.5500000,15.9700000,16.0100000,16.0100000,-2.5500000,45819.0000000,469280000.0000000,11732.0000000,7586949600.0000000
FUTSTKTECHM26-SEP-2024,1564.0500000,1554.6500000,1554.6500000,1509.0000000,1510.5000000,1510.5000000,-3.4200000,62.0000000,37800.0000000,63.0000000,57675570.0000000
FUTSTKUBL29-AUG-2024,2072.1500000,2071.0000000,2096.0000000,2005.0000000,2013.7000000,2013.7000000,-2.8200000,1023.0000000,334800.0000000,837.0000000,684018220.0000000
FUTSTKBAJAJFINSV25-JUL-2024,1651.4500000,1656.7500000,1658.7500000,1635.9500000,1639.4000000,1639.4000000,-0.7200000,23758.0000000,3544000.0000000,7088.0000000,5832055925.0000000
FUTSTKSAIL26-SEP-2024,148.9700000,146.4500000,146.9500000,140.0000000,142.1500000,142.1500000,-4.5700000,571.0000000,56000.0000000,14.0000000,8080560.0000000
FUTSTKDEEPAKNTR29-AUG-2024,2839.7500000,2801.4000000,2857.9000000,2776.1000000,2790.2500000,2790.2500000,-1.7400000,744.0000000,232200.0000000,774.0000000,653539305.0000000
FUTSTKCOALINDIA25-JUL-2024,505.6000000,505.5500000,505.7500000,486.5500000,487.5500000,487.5500000,-3.5700000,20379.0000000,19068000.0000000,9080.0000000,9397499580.0000000
FUTSTKBPCL26-SEP-2024,322.2000000,321.1500000,321.1500000,303.0000000,308.3500000,308.3500000,-4.2900000,276.0000000,500400.0000000,278.0000000,156150720.0000000
FUTSTKGNFC25-JUL-2024,681.8500000,681.8500000,684.0000000,658.3000000,663.8500000,663.8500000,-2.6300000,4580.0000000,473200.0000000,364.0000000,316793815.0000000
FUTSTKDABUR25-JUL-2024,644.1500000,644.6000000,646.7500000,633.3000000,634.2000000,634.2000000,-1.5400000,12145.0000000,3365000.0000000,2692.0000000,2150482875.0000000
FUTSTKBANDHANBNK25-JUL-2024,196.1600000,195.5000000,196.4900000,188.2000000,191.8800000,191.8800000,-2.1800000,26447.0000000,4799200.0000000,1714.0000000,923378288.0000000
FUTSTKLAURUSLABS25-JUL-2024,458.0000000,457.6000000,458.6500000,439.2500000,440.5500000,440.5500000,-3.8100000,9938.0000000,5625300.0000000,3309.0000000,2512069175.0000000
FUTIDXFINNIFTY24-SEP-2024,24108.7500000,23799.0000000,23799.0000000,23711.0000000,23711.0000000,23711.0000000,-1.6400000,16.0000000,200.0000000,8.0000000,4761240.0000000
FUTSTKDIVISLAB26-SEP-2024,4626.0500000,4595.0000000,4595.0000000,4535.7000000,4559.7500000,4582.6500000,-0.9300000,77.0000000,4200.0000000,21.0000000,19184490.0000000
FUTSTKSBILIFE29-AUG-2024,1669.8000000,1656.2000000,1670.0000000,1647.7500000,1656.1500000,1656.1500000,-0.8100000,1106.0000000,406500.0000000,1084.0000000,673657931.2500000
FUTSTKHAL29-AUG-2024,5043.4500000,5000.0500000,5031.0000000,4783.4000000,4805.6500000,4805.6500000,-4.7100000,13781.0000000,284400.0000000,948.0000000,1393204320.0000000
FUTSTKBATAINDIA25-JUL-2024,1534.5500000,1532.0500000,1540.8500000,1517.9500000,1522.1500000,1522.1500000,-0.8000000,8367.0000000,1053000.0000000,2808.0000000,1607608181.2500000
FUTSTKCHOLAFIN26-SEP-2024,1467.1000000,1467.1000000,1467.1000000,1438.0000000,1441.0000000,1441.0000000,-1.7700000,29.0000000,8750.0000000,14.0000000,12712500.0000000
FUTSTKIPCALAB25-JUL-2024,1223.3500000,1217.0500000,1221.7500000,1190.2500000,1194.8500000,1194.8500000,-2.3200000,3379.0000000,907400.0000000,1396.0000000,1091747670.0000000
FUTSTKEXIDEIND26-SEP-2024,561.1500000,560.5000000,569.0000000,544.2000000,545.2000000,545.2000000,-2.8400000,151.0000000,196200.0000000,109.0000000,108783540.0000000
FUTSTKPNB26-SEP-2024,120.7500000,120.0000000,121.3000000,117.7200000,117.8900000,117.8900000,-2.3600000,514.0000000,1376000.0000000,172.0000000,163878320.0000000
FUTSTKFEDERALBNK26-SEP-2024,197.7000000,198.0000000,198.0000000,192.9000000,193.4100000,193.4100000,-2.1600000,160.0000000,620000.0000000,124.0000000,121022450.0000000
FUTSTKBIOCON26-SEP-2024,349.2500000,346.6000000,348.8000000,339.4000000,339.7000000,339.7000000,-2.7300000,251.0000000,247500.0000000,99.0000000,85000375.0000000
FUTSTKDALBHARAT25-JUL-2024,1922.7500000,1945.0000000,1948.0000000,1802.0000000,1815.2500000,1815.2500000,-5.5900000,12578.0000000,4458575.0000000,16213.0000000,8236708452.5000000
FUTSTKJUBLFOOD26-SEP-2024,575.8500000,558.3000000,564.0500000,543.1000000,544.0000000,567.9500000,-1.3700000,158.0000000,42500.0000000,34.0000000,23419250.0000000
FUTSTKSBIN25-JUL-2024,893.6000000,892.8000000,898.9000000,883.3500000,888.9500000,888.9500000,-0.5200000,112399.0000000,32229000.0000000,42972.0000000,28697667450.0000000
FUTSTKALKEM25-JUL-2024,5274.4000000,5276.6000000,5276.6000000,5124.0500000,5140.4000000,5140.4000000,-2.5400000,13177.0000000,386600.0000000,3866.0000000,2001506680.0000000
FUTSTKINDUSINDBK29-AUG-2024,1467.6500000,1458.9500000,1461.7000000,1440.0000000,1442.9500000,1442.9500000,-1.6800000,8572.0000000,2163000.0000000,4326.0000000,3130822900.0000000
FUTSTKBHARTIARTL26-SEP-2024,1494.4000000,1481.0000000,1489.5000000,1467.0000000,1474.1500000,1474.1500000,-1.3500000,187.0000000,28025.0000000,59.0000000,41396986.2500000
FUTSTKACC25-JUL-2024,2694.4500000,2682.7000000,2686.9000000,2596.0000000,2617.7500000,2617.7500000,-2.8400000,13645.0000000,1515900.0000000,5053.0000000,3985733985.0000000
FUTSTKCUB25-JUL-2024,159.1600000,156.4800000,158.7100000,154.3100000,155.5900000,155.5900000,-2.2400000,4116.0000000,11410000.0000000,2282.0000000,1782074100.0000000
FUTSTKIDFC25-JUL-2024,115.7900000,115.6000000,115.8400000,113.1400000,113.4100000,113.4100000,-2.0500000,18406.0000000,16575000.0000000,3315.0000000,1888594850.0000000
FUTSTKIGL25-JUL-2024,533.8000000,535.2000000,537.7500000,524.0000000,528.4500000,528.4500000,-1.0000000,7153.0000000,3892625.0000000,2831.0000000,2060106400.0000000
FUTSTKHINDCOPPER25-JUL-2024,321.1000000,315.0000000,317.5500000,307.0000000,307.6000000,307.6000000,-4.2000000,11896.0000000,1772850.0000000,669.0000000,549473657.5000000
FUTIDXNIFTYNXT5026-JUL-2024,73264.6500000,73170.2000000,73170.2000000,71422.0500000,71480.3000000,71480.3000000,-2.4300000,1053.0000000,13830.0000000,1383.0000000,996221664.5000000
FUTSTKPIDILITIND29-AUG-2024,3199.6000000,3205.0000000,3244.6500000,3130.0000000,3139.3000000,3139.3000000,-1.8800000,2743.0000000,219000.0000000,876.0000000,696884237.5000000
FUTSTKHINDPETRO29-AUG-2024,361.0500000,359.9000000,360.7000000,343.2000000,344.4000000,344.4000000,-4.6100000,4182.0000000,6301800.0000000,3112.0000000,2204665188.7500000
FUTSTKABFRL25-JUL-2024,324.3500000,322.4500000,323.4500000,313.5000000,316.8000000,316.8000000,-2.3200000,12333.0000000,19346600.0000000,7441.0000000,6144286070.0000000
FUTSTKBANKBARODA26-SEP-2024,260.4000000,258.8500000,260.5500000,253.0000000,253.9500000,253.9500000,-2.4700000,482.0000000,324675.0000000,111.0000000,83240966.2500000
FUTSTKIEX25-JUL-2024,173.8000000,173.6300000,173.8100000,168.4000000,169.0100000,169.0100000,-2.7500000,15742.0000000,17426250.0000000,4647.0000000,2975903175.0000000
FUTSTKSBICARD25-JUL-2024,731.8500000,731.9500000,732.0000000,716.1500000,717.9500000,717.9500000,-1.8900000,22572.0000000,3966400.0000000,4958.0000000,2863014240.0000000
FUTSTKAXISBANK26-SEP-2024,1328.8500000,1317.9000000,1322.2500000,1308.0000000,1310.5500000,1310.5500000,-1.3700000,189.0000000,42500.0000000,68.0000000,55881906.2500000
FUTSTKADANIPORTS26-SEP-2024,1516.6000000,1509.0500000,1524.7000000,1487.5000000,1488.6500000,1488.6500000,-1.8400000,296.0000000,40800.0000000,102.0000000,61284760.0000000
FUTSTKTORNTPHARM26-SEP-2024,3094.1500000,3031.4500000,3031.4500000,3031.4500000,3031.4500000,2987.3500000,-3.4500000,8.0000000,250.0000000,1.0000000,757862.5000000
FUTSTKICICIBANK25-JUL-2024,1251.8000000,1247.4000000,1250.8000000,1242.1000000,1249.1000000,1249.1000000,-0.2100000,79484.0000000,20889400.0000000,29842.0000000,26052249825.0000000
FUTSTKTATACHEM26-SEP-2024,1068.5500000,1065.0000000,1066.0000000,1048.0000000,1050.8500000,1050.8500000,-1.6500000,202.0000000,41800.0000000,76.0000000,44081207.5000000
FUTSTKTVSMOTOR26-SEP-2024,2443.5000000,2428.0000000,2433.0000000,2405.0000000,2431.7500000,2431.7500000,-0.4800000,169.0000000,78050.0000000,223.0000000,189175140.0000000
FUTSTKTATAPOWER29-AUG-2024,433.1500000,431.3000000,432.4000000,415.4000000,416.8500000,416.8500000,-3.7600000,13673.0000000,11496600.0000000,8516.0000000,4853079495.0000000
FUTSTKPOWERGRID29-AUG-2024,341.6500000,338.6000000,342.0500000,331.4500000,332.3000000,332.3000000,-2.7300000,3420.0000000,10760400.0000000,2989.0000000,3612632940.0000000
FUTSTKPEL26-SEP-2024,976.2500000,0.0000000,0.0000000,0.0000000,,941.9000000,-3.5100000,71.0000000,0.0000000,0.0000000,0.0000000
FUTSTKBSOFT25-JUL-2024,749.3000000,755.0000000,760.6000000,722.1000000,724.7500000,724.7500000,-3.2700000,8836.0000000,6772000.0000000,6772.0000000,5022650600.0000000
FUTSTKBERGEPAINT29-AUG-2024,518.4000000,518.5000000,526.0000000,518.0000000,519.7000000,519.7000000,0.2500000,2091.0000000,2139720.0000000,1621.0000000,1117734420.0000000
FUTSTKNMDC29-AUG-2024,243.4300000,243.2800000,243.2900000,229.3100000,230.3300000,230.3300000,-5.3800000,5847.0000000,23323500.0000000,5183.0000000,5445716940.0000000
FUTSTKVEDL25-JUL-2024,452.4500000,453.3000000,454.0000000,436.6500000,439.7500000,439.7500000,-2.8000000,61668.0000000,5694800.0000000,2476.0000000,2527702875.0000000
FUTSTKZYDUSLIFE29-AUG-2024,1191.0500000,1172.7500000,1177.1500000,1144.1000000,1151.4500000,1151.4500000,-3.3200000,1573.0000000,2147400.0000000,2386.0000000,2492907165.0000000
FUTSTKGMRINFRA29-AUG-2024,96.6100000,94.3900000,94.9700000,92.5900000,92.7900000,92.7900000,-3.9500000,1858.0000000,483750.0000000,43.0000000,45307237.5000000
FUTSTKNATIONALUM29-AUG-2024,193.5000000,191.7500000,191.9700000,185.0500000,187.4300000,187.4300000,-3.1300000,2320.0000000,6506250.0000000,1735.0000000,1222238737.5000000
FUTSTKAMBUJACEM29-AUG-2024,696.2000000,693.4000000,694.2000000,676.3000000,682.0000000,682.0000000,-2.0300000,3169.0000000,2362500.0000000,2625.0000000,1614827385.0000000
FUTSTKDABUR26-SEP-2024,652.8500000,648.3000000,651.0000000,643.3000000,643.3000000,643.3000000,-1.4600000,51.0000000,21250.0000000,17.0000000,13750937.5000000
FUTSTKPOLYCAB29-AUG-2024,6610.4000000,6612.9500000,6612.9500000,6300.0000000,6379.6500000,6379.6500000,-3.4900000,3618.0000000,539375.0000000,4315.0000000,3467054168.7500000
FUTSTKICICIBANK29-AUG-2024,1249.2000000,1244.8500000,1247.7000000,1239.7500000,1245.9000000,1245.9000000,-0.2600000,49752.0000000,5744900.0000000,8207.0000000,7147979790.0000000
FUTSTKWIPRO26-SEP-2024,578.7500000,583.2500000,584.0000000,561.0000000,562.9500000,562.9500000,-2.7300000,381.0000000,490500.0000000,327.0000000,278816400.0000000
FUTSTKHDFCLIFE26-SEP-2024,659.1000000,654.0000000,654.2500000,645.3500000,645.7500000,645.7500000,-2.0200000,158.0000000,71500.0000000,65.0000000,46355320.0000000
FUTSTKESCORTS26-SEP-2024,4052.0500000,4022.0000000,4046.0000000,3985.0000000,3985.0000000,3985.0000000,-1.6500000,34.0000000,1650.0000000,6.0000000,6631171.2500000
FUTSTKTATAPOWER26-SEP-2024,436.5000000,433.0000000,434.4000000,418.6000000,419.9500000,419.9500000,-3.7900000,673.0000000,598050.0000000,443.0000000,254168077.5000000
FUTSTKINDIACEM25-JUL-2024,346.0500000,345.0500000,354.0000000,338.6500000,348.4000000,348.4000000,0.6700000,4545.0000000,1708100.0000000,589.0000000,586572705.0000000
FUTSTKTECHM29-AUG-2024,1554.3500000,1554.4000000,1554.4000000,1498.3500000,1500.4000000,1500.4000000,-3.4700000,3275.0000000,1461600.0000000,2436.0000000,2218153320.0000000
FUTSTKBAJFINANCE29-AUG-2024,7175.7500000,7157.9500000,7169.9000000,6963.4500000,6980.4000000,6980.4000000,-2.7200000,11002.0000000,965625.0000000,7725.0000000,6806252262.5000000
FUTSTKHINDALCO29-AUG-2024,692.7500000,686.0000000,686.6500000,660.1000000,663.3000000,663.3000000,-4.2500000,3255.0000000,5208000.0000000,3720.0000000,3487769390.0000000
FUTSTKULTRACEMCO29-AUG-2024,11684.7500000,11558.0000000,11591.6500000,11250.3000000,11281.0000000,11281.0000000,-3.4500000,5905.0000000,332900.0000000,3329.0000000,3793545660.0000000
FUTSTKOBEROIRLTY25-JUL-2024,1718.1500000,1719.0000000,1720.0000000,1643.0500000,1670.6500000,1670.6500000,-2.7600000,9817.0000000,3215100.0000000,4593.0000000,5368285020.0000000
FUTSTKPETRONET29-AUG-2024,350.1500000,347.5500000,348.0000000,341.5000000,345.0000000,345.0000000,-1.4700000,1508.0000000,2940000.0000000,980.0000000,1013514600.0000000
FUTSTKICICIGI29-AUG-2024,1929.7000000,1919.6000000,1926.7000000,1885.0000000,1896.8500000,1896.8500000,-1.7000000,831.0000000,393000.0000000,786.0000000,747732475.0000000
FUTSTKGRASIM25-JUL-2024,2802.0000000,2801.8500000,2801.8500000,2741.4500000,2748.4500000,2748.4500000,-1.9100000,34181.0000000,1318750.0000000,5275.0000000,3643056687.5000000
FUTSTKTATAMOTORS29-AUG-2024,1034.0500000,1031.4000000,1032.3000000,995.0000000,997.1500000,997.1500000,-3.5600000,17468.0000000,5936150.0000000,10793.0000000,6003880355.0000000
FUTSTKTORNTPHARM29-AUG-2024,3075.2500000,3061.9000000,3062.1500000,2953.2000000,2960.4500000,2960.4500000,-3.7300000,411.0000000,136750.0000000,547.0000000,409079200.0000000
FUTSTKMOTHERSON26-SEP-2024,206.4500000,206.4500000,206.4500000,193.5000000,194.0400000,194.0400000,-6.0100000,221.0000000,958500.0000000,135.0000000,189337688.0000000
FUTSTKVOLTAS26-SEP-2024,1514.0500000,1505.8000000,1510.0000000,1490.0000000,1491.2000000,1491.2000000,-1.5000000,49.0000000,29400.0000000,49.0000000,44112810.0000000
FUTSTKJSWSTEEL26-SEP-2024,945.1000000,937.2500000,937.2500000,902.2000000,903.8000000,903.8000000,-4.3600000,74.0000000,51975.0000000,77.0000000,47543557.5000000
FUTSTKMETROPOLIS26-SEP-2024,2059.7000000,2035.0000000,2035.0000000,1990.1500000,1991.4500000,1991.4500000,-3.3100000,27.0000000,2000.0000000,5.0000000,4010760.0000000
FUTSTKLTIM25-JUL-2024,5776.2500000,5797.9000000,5888.9000000,5736.8500000,5772.4500000,5772.4500000,-0.0600000,21354.0000000,1662450.0000000,11083.0000000,9642637215.0000000
FUTSTKPAGEIND26-SEP-2024,39519.4000000,39535.1000000,39799.9000000,39177.7500000,39799.9000000,39799.9000000,0.7000000,100.0000000,270.0000000,18.0000000,10662988.5000000
FUTSTKAPOLLOHOSP29-AUG-2024,6552.9500000,6528.5500000,6532.9000000,6402.2000000,6415.3500000,6415.3500000,-2.0900000,938.0000000,91375.0000000,731.0000000,589044956.2500000
FUTSTKMETROPOLIS29-AUG-2024,2049.9500000,2034.5000000,2036.0500000,1986.0000000,1993.9500000,1993.9500000,-2.7300000,795.0000000,247200.0000000,618.0000000,497986380.0000000
FUTSTKICICIPRULI29-AUG-2024,659.5500000,653.0000000,655.3000000,643.6000000,647.8000000,647.8000000,-1.7800000,954.0000000,940500.0000000,627.0000000,610193625.0000000
FUTSTKHINDPETRO25-JUL-2024,358.7000000,358.4000000,359.2000000,341.0000000,342.1500000,342.1500000,-4.6100000,21873.0000000,16270875.0000000,8035.0000000,5671437851.2500000
FUTSTKGUJGASLTD29-AUG-2024,621.6500000,620.6500000,620.7000000,600.9000000,606.2500000,606.2500000,-2.4700000,2486.0000000,1276250.0000000,1021.0000000,778748562.5000000
FUTSTKGLENMARK26-SEP-2024,1426.9500000,1405.0000000,1430.0000000,1400.0000000,1430.0000000,1432.6000000,0.3900000,38.0000000,20300.0000000,28.0000000,28774235.0000000
FUTSTKEICHERMOT26-SEP-2024,4937.5000000,4868.8000000,4880.0000000,4828.2500000,4828.2500000,4828.2500000,-2.2100000,62.0000000,4025.0000000,23.0000000,19508886.2500000
FUTSTKAMBUJACEM26-SEP-2024,699.9500000,693.4000000,698.7000000,681.3000000,686.1500000,686.1500000,-1.9700000,97.0000000,48600.0000000,54.0000000,33432525.0000000
FUTSTKIDFCFIRSTB29-AUG-2024,78.0200000,78.0000000,78.0000000,76.1500000,76.3000000,76.3000000,-2.2000000,11752.0000000,43755000.0000000,5834.0000000,3358211775.0000000
FUTSTKAUBANK26-SEP-2024,617.9500000,619.0000000,619.9000000,611.0000000,618.5500000,618.5500000,0.0900000,492.0000000,88000.0000000,88.0000000,54209250.0000000
FUTSTKIDFCFIRSTB25-JUL-2024,77.7500000,77.7000000,77.7000000,75.8200000,75.9800000,75.9800000,-2.2700000,50346.0000000,94710000.0000000,12628.0000000,7242753300.0000000
FUTSTKBRITANNIA29-AUG-2024,5852.8000000,5866.1000000,5935.0000000,5820.5500000,5844.5000000,5844.5000000,-0.1400000,1254.0000000,222800.0000000,1114.0000000,1307662610.0000000
FUTSTKGMRINFRA26-SEP-2024,97.2800000,94.7500000,94.7500000,94.7500000,94.7500000,93.2109009,-4.1800000,144.0000000,11250.0000000,1.0000000,1065937.5000000
FUTSTKITC26-SEP-2024,476.9000000,476.7000000,485.0000000,476.0500000,480.4500000,480.4500000,0.7400000,431.0000000,416000.0000000,260.0000000,200145280.0000000
FUTSTKPFC25-JUL-2024,548.3500000,544.2000000,553.0000000,531.8000000,533.4000000,533.4000000,-2.7200000,29873.0000000,20289100.0000000,15607.0000000,10946938470.0000000
FUTSTKMARUTI26-SEP-2024,12711.6000000,12660.0000000,12750.0000000,12550.0000000,12555.2000000,12555.2000000,-1.2300000,187.0000000,2350.0000000,47.0000000,29684362.5000000
FUTSTKHCLTECH25-JUL-2024,1582.7500000,1596.5500000,1603.7500000,1576.9500000,1581.3500000,1581.3500000,-0.0800000,46806.0000000,6380850.0000000,18231.0000000,10145038610.0000000
FUTSTKHDFCBANK29-AUG-2024,1630.9000000,1626.9000000,1637.3500000,1616.0000000,1619.3000000,1619.3000000,-0.7100000,39002.0000000,11226050.0000000,20411.0000000,18221180917.5000000
FUTSTKGAIL26-SEP-2024,232.5500000,230.0000000,232.0000000,222.3000000,222.7800000,222.7800000,-4.2000000,266.0000000,631350.0000000,138.0000000,142229521.5000000
FUTSTKCIPLA26-SEP-2024,1518.8500000,1508.5000000,1509.0500000,1488.0000000,1488.7500000,1488.7500000,-1.9800000,71.0000000,29250.0000000,45.0000000,43747665.0000000
FUTSTKCUB26-SEP-2024,159.9700000,159.8000000,159.8000000,155.5000000,156.3900000,156.3900000,-2.2300000,96.0000000,90000.0000000,18.0000000,14135750.0000000
FUTSTKBPCL29-AUG-2024,320.1500000,318.6000000,319.7000000,304.5000000,306.0500000,306.0500000,-4.4000000,8566.0000000,10942200.0000000,6079.0000000,3387742920.0000000
FUTSTKRECLTD26-SEP-2024,617.7000000,615.5000000,627.4500000,603.7500000,604.5000000,604.5000000,-2.1300000,315.0000000,312000.0000000,156.0000000,190373400.0000000
FUTSTKNESTLEIND26-SEP-2024,2670.0000000,2670.0000000,2681.4000000,2630.0000000,2633.0000000,2633.0000000,-1.3800000,79.0000000,6600.0000000,33.0000000,17493860.0000000
FUTSTKBHEL29-AUG-2024,311.3000000,308.7500000,310.1000000,294.6000000,295.8000000,295.8000000,-4.9700000,6182.0000000,15918000.0000000,6064.0000000,4778486606.2500000
FUTSTKSRF29-AUG-2024,2414.6500000,2411.6000000,2411.6000000,2342.3500000,2345.2500000,2345.2500000,-2.8700000,2103.0000000,666750.0000000,1778.0000000,1580730712.5000000
FUTSTKSIEMENS26-SEP-2024,7235.8000000,7212.0000000,7218.0000000,6930.8500000,6952.8500000,6952.8500000,-3.9100000,83.0000000,8550.0000000,57.0000000,60236670.0000000
FUTSTKONGC26-SEP-2024,333.5000000,332.3500000,332.3500000,319.8000000,321.5000000,321.5000000,-3.5900000,265.0000000,525525.0000000,273.0000000,170867331.2500000
FUTSTKPEL25-JUL-2024,962.7000000,950.0000000,951.0000000,920.0000000,928.7000000,928.7000000,-3.5300000,16602.0000000,504000.0000000,672.0000000,470731912.5000000
FUTSTKVEDL29-AUG-2024,455.7000000,453.9000000,453.9000000,441.1500000,442.2000000,442.2000000,-2.9600000,6082.0000000,299000.0000000,130.0000000,133873685.0000000
FUTSTKITC29-AUG-2024,474.8000000,474.7000000,483.0500000,473.5000000,478.7500000,478.7500000,0.8300000,17062.0000000,15572800.0000000,9733.0000000,7454395120.0000000
FUTSTKSBILIFE26-SEP-2024,1675.4500000,1667.8000000,1667.8000000,1665.0000000,1665.0000000,1665.0000000,-0.6200000,31.0000000,750.0000000,2.0000000,1249800.0000000
FUTSTKMRF26-SEP-2024,134100.0000000,130622.0000000,130839.9500000,128830.3500000,129008.3000000,129008.3000000,-3.7900000,140.0000000,395.0000000,79.0000000,51237115.7500000
FUTSTKNTPC25-JUL-2024,378.8000000,378.7000000,378.7000000,363.1500000,364.4500000,364.4500000,-3.7800000,59432.0000000,28614000.0000000,19076.0000000,10615759800.0000000
FUTSTKIEX29-AUG-2024,175.0000000,174.5000000,174.8100000,169.6100000,170.2100000,170.2100000,-2.7300000,4103.0000000,7871250.0000000,2099.0000000,1353006862.5000000
FUTSTKDEEPAKNTR26-SEP-2024,2854.8000000,2834.4500000,2868.9000000,2800.0000000,2809.5000000,2809.5000000,-1.5800000,58.0000000,10800.0000000,36.0000000,30563130.0000000
FUTSTKATUL25-JUL-2024,7148.9500000,7150.0000000,7170.0000000,6863.0000000,6967.9500000,6967.9500000,-2.5300000,10235.0000000,1823100.0000000,18231.0000000,12793003915.0000000
FUTSTKDALBHARAT29-AUG-2024,1935.1500000,1938.0000000,1950.0000000,1815.1500000,1826.1500000,1826.1500000,-5.6300000,2216.0000000,1301025.0000000,4731.0000000,2416898096.2500000
FUTSTKINDHOTEL29-AUG-2024,587.9500000,582.1000000,586.7000000,575.9000000,582.2000000,582.2000000,-0.9700000,3099.0000000,2153000.0000000,2153.0000000,1251022600.0000000
FUTSTKTRENT26-SEP-2024,5402.6000000,5350.0000000,5350.0000000,5191.7500000,5236.2000000,5236.2000000,-3.0700000,148.0000000,15800.0000000,79.0000000,83042240.0000000
FUTSTKAXISBANK29-AUG-2024,1320.4500000,1315.1500000,1316.0000000,1299.3500000,1302.7000000,1302.7000000,-1.3400000,7861.0000000,3317500.0000000,5308.0000000,4338934093.7500000
FUTSTKADANIPORTS25-JUL-2024,1496.8500000,1495.2000000,1503.7000000,1464.1500000,1467.0500000,1467.0500000,-1.9900000,60037.0000000,5386000.0000000,13465.0000000,7970718360.0000000
FUTSTKGODREJPROP26-SEP-2024,3397.1500000,3350.0000000,3350.0000000,3290.0500000,3291.3500000,3291.3500000,-3.1100000,106.0000000,7425.0000000,33.0000000,24573622.5000000
FUTSTKCUMMINSIND25-JUL-2024,3787.4500000,3801.5500000,3833.9500000,3556.5500000,3566.4000000,3566.4000000,-5.8300000,15239.0000000,2110500.0000000,7035.0000000,7720695570.0000000
FUTSTKCANFINHOME25-JUL-2024,878.0000000,876.4500000,882.2000000,843.3500000,848.7500000,848.7500000,-3.3300000,5741.0000000,3666975.0000000,3761.0000000,3140882062.5000000
FUTSTKRAMCOCEM29-AUG-2024,787.6500000,790.0000000,790.0000000,769.0000000,776.5000000,776.5000000,-1.4100000,2550.0000000,1522350.0000000,1791.0000000,1182274775.0000000
FUTSTKCONCOR29-AUG-2024,1047.4500000,1047.4500000,1047.4500000,1011.7500000,1015.4500000,1015.4500000,-3.0500000,4281.0000000,2816000.0000000,2816.0000000,2893704250.0000000
FUTSTKTATACONSUM26-SEP-2024,1207.8000000,1207.8000000,1210.8500000,1199.0000000,1201.0500000,1201.0500000,-0.5500000,102.0000000,27900.0000000,62.0000000,33654195.0000000
FUTSTKM&MFIN25-JUL-2024,294.7000000,293.5000000,295.4500000,287.8500000,289.6500000,289.6500000,-1.7100000,17462.0000000,6278000.0000000,3139.0000000,1827074400.0000000
FUTSTKM&MFIN29-AUG-2024,289.3000000,288.6000000,288.9500000,282.5000000,283.7500000,283.7500000,-1.9100000,7657.0000000,2410000.0000000,1205.0000000,688345700.0000000
FUTSTKBRITANNIA25-JUL-2024,5890.9500000,5897.5500000,5973.9000000,5852.0500000,5877.6500000,5877.6500000,-0.2200000,11609.0000000,744400.0000000,3722.0000000,4399131670.0000000
FUTSTKJKCEMENT29-AUG-2024,4401.7000000,4386.0000000,4386.0000000,4179.7500000,4210.2000000,4210.2000000,-4.3500000,350.0000000,66500.0000000,532.0000000,285132468.7500000
FUTSTKMUTHOOTFIN29-AUG-2024,1861.3000000,1851.0000000,1859.0000000,1823.3000000,1853.4500000,1853.4500000,-0.4200000,923.0000000,523050.0000000,951.0000000,964821467.5000000
FUTSTKEICHERMOT29-AUG-2024,4903.3500000,4862.9500000,4873.6500000,4791.5000000,4803.1500000,4803.1500000,-2.0400000,2224.0000000,253575.0000000,1449.0000000,1220960921.2500000
FUTSTKTATACOMM25-JUL-2024,1872.8500000,1870.0000000,1885.0000000,1779.6500000,1786.8500000,1786.8500000,-4.5900000,13201.0000000,3530500.0000000,7061.0000000,6429436250.0000000
FUTSTKPOLYCAB25-JUL-2024,6568.7500000,6525.0000000,6544.4500000,6260.0500000,6336.3500000,6336.3500000,-3.5300000,24857.0000000,2145375.0000000,17163.0000000,13697344243.7500000
FUTSTKMPHASIS25-JUL-2024,2836.4000000,2877.3000000,2923.0000000,2832.4500000,2866.7000000,2866.7000000,1.0600000,12019.0000000,5163675.0000000,18777.0000000,14840463343.7500000
FUTSTKBALKRISIND26-SEP-2024,3200.9000000,3163.9500000,3185.4500000,3130.0000000,3185.4500000,3183.3000000,-0.5400000,11.0000000,2700.0000000,9.0000000,8525640.0000000
FUTSTKLUPIN29-AUG-2024,1835.4000000,1829.7000000,1830.0000000,1793.0000000,1797.5500000,1797.5500000,-2.0600000,2660.0000000,586075.0000000,1379.0000000,1057670873.7500000
FUTSTKIDEA25-JUL-2024,16.3000000,16.3500000,16.4400000,15.8400000,15.8800000,15.8800000,-2.5700000,66343.0000000,819880000.0000000,20497.0000000,13155806400.0000000
FUTSTKOBEROIRLTY29-AUG-2024,1727.9000000,1732.3500000,1732.3500000,1654.0000000,1681.2500000,1681.2500000,-2.6900000,933.0000000,821100.0000000,1173.0000000,1380027530.0000000
FUTSTKMGL26-SEP-2024,1751.7000000,1701.2000000,1710.0000000,1690.0000000,1694.5500000,1694.5500000,-3.2600000,122.0000000,14000.0000000,35.0000000,23778100.0000000
FUTSTKPETRONET25-JUL-2024,348.0000000,346.2000000,346.2000000,338.9500000,342.6000000,342.6000000,-1.5500000,7688.0000000,9162000.0000000,3054.0000000,3136216500.0000000
FUTSTKHDFCBANK25-JUL-2024,1620.3500000,1608.0000000,1628.2500000,1605.2000000,1608.7000000,1608.7000000,-0.7100000,276791.0000000,30826950.0000000,56049.0000000,49721610620.0000000
FUTSTKMGL29-AUG-2024,1722.1500000,1707.5000000,1718.2000000,1687.0500000,1693.2500000,1693.2500000,-1.6700000,861.0000000,330800.0000000,827.0000000,563024940.0000000
FUTSTKTRENT29-AUG-2024,5358.7000000,5326.8000000,5332.7000000,5151.5000000,5203.0000000,5203.0000000,-2.9000000,2033.0000000,460000.0000000,2300.0000000,2398558940.0000000
FUTSTKBOSCHLTD29-AUG-2024,34549.4500000,34585.0000000,34585.0000000,33443.9000000,33536.5000000,33536.5000000,-2.9300000,1767.0000000,25600.0000000,1024.0000000,864431296.2500000
FUTSTKMGL25-JUL-2024,1733.4000000,1720.4000000,1727.3000000,1693.4000000,1701.5000000,1701.5000000,-1.8400000,5902.0000000,1078000.0000000,2695.0000000,1841879360.0000000
FUTSTKAARTIIND25-JUL-2024,705.6500000,705.3000000,705.3000000,669.0000000,671.4500000,671.4500000,-4.8400000,9622.0000000,5151000.0000000,5151.0000000,3519853050.0000000
FUTSTKRELIANCE25-JUL-2024,3182.1500000,3156.0000000,3183.7000000,3111.8500000,3116.8500000,3116.8500000,-2.0500000,102883.0000000,10018000.0000000,40072.0000000,31404441437.5000000
FUTSTKBAJAJ-AUTO29-AUG-2024,9691.9000000,9689.2500000,9732.1500000,9400.0000000,9441.7000000,9441.7000000,-2.5800000,3064.0000000,193350.0000000,2578.0000000,1848694117.5000000
FUTSTKGODREJCP25-JUL-2024,1463.7000000,1467.1500000,1474.1500000,1433.9500000,1448.8000000,1448.8000000,-1.0100000,10761.0000000,1632000.0000000,3264.0000000,2372461525.0000000
FUTSTKBPCL25-JUL-2024,318.1500000,317.2500000,319.0000000,302.3500000,304.0500000,304.0500000,-4.4300000,32090.0000000,29372400.0000000,16318.0000000,9006988770.0000000
FUTSTKCOLPAL25-JUL-2024,3132.8500000,3101.0000000,3158.8500000,3085.2500000,3120.0000000,3120.0000000,-0.4100000,9008.0000000,1011150.0000000,2889.0000000,3155176552.5000000
FUTSTKDRREDDY25-JUL-2024,6679.7500000,6679.8500000,6709.5000000,6609.2500000,6621.4500000,6621.4500000,-0.8700000,22475.0000000,718750.0000000,5750.0000000,4784256337.5000000
FUTSTKCOROMANDEL26-SEP-2024,1615.7000000,1550.9500000,1576.9500000,1545.9000000,1576.9500000,1617.6000000,0.1100000,25.0000000,3500.0000000,5.0000000,5457900.0000000
FUTSTKAARTIIND26-SEP-2024,714.0000000,710.0000000,710.0000000,678.0000000,680.2500000,680.2500000,-4.7200000,148.0000000,140000.0000000,140.0000000,97096250.0000000
FUTSTKCHOLAFIN29-AUG-2024,1459.8000000,1462.9000000,1468.4000000,1432.0000000,1434.4000000,1434.4000000,-1.7300000,1374.0000000,499375.0000000,799.0000000,721697125.0000000
FUTSTKPIDILITIND25-JUL-2024,3178.8500000,3204.0000000,3224.7000000,3107.1500000,3117.7000000,3117.7000000,-1.9200000,8004.0000000,790500.0000000,3162.0000000,2504462062.5000000
FUTSTKPAGEIND25-JUL-2024,40198.6500000,40440.6500000,40772.4000000,39897.9000000,40562.1500000,40562.1500000,0.9000000,12227.0000000,48480.0000000,3232.0000000,1955806924.5000000
FUTSTKTATAPOWER25-JUL-2024,430.0500000,431.1000000,431.1000000,412.6000000,413.9000000,413.9000000,-3.7500000,57514.0000000,27384750.0000000,20285.0000000,11471738805.0000000
FUTSTKRELIANCE29-AUG-2024,3192.9500000,3187.9500000,3187.9500000,3122.1500000,3127.0000000,3127.0000000,-2.0600000,42592.0000000,2951250.0000000,11805.0000000,9279521225.0000000
FUTSTKADANIENT25-JUL-2024,3097.7500000,3100.1000000,3100.1000000,2997.3000000,3003.4000000,3003.4000000,-3.0400000,50216.0000000,3429900.0000000,11433.0000000,10421742225.0000000
FUTIDXMIDCPNIFTY29-JUL-2024,12477.1000000,12460.4500000,12462.8500000,12161.2500000,12190.9500000,12190.9500000,-2.2900000,42792.0000000,1064550.0000000,21291.0000000,13049431280.0000000
FUTSTKLTF25-JUL-2024,184.6600000,184.4400000,185.3909009,174.6000000,175.7000000,175.7000000,-4.8500000,12097.0000000,27784874.0000000,6227.0000000,4974872185.6400000
FUTSTKBAJAJ-AUTO25-JUL-2024,9630.1000000,9635.0500000,9677.3000000,9332.2000000,9372.4000000,9372.4000000,-2.6700000,28107.0000000,855225.0000000,11403.0000000,8128839667.5000000
FUTSTKMOTHERSON25-JUL-2024,205.2600000,205.2600000,206.3200000,191.8000000,192.4400000,192.4400000,-6.2400000,14514.0000000,60953500.0000000,8585.0000000,11987890062.0000000
FUTSTKGAIL25-JUL-2024,229.5400000,228.0000000,228.6200000,218.9500000,219.5700000,219.5700000,-4.3400000,23464.0000000,49560975.0000000,10833.0000000,11009584878.0000000
FUTSTKBERGEPAINT25-JUL-2024,521.5500000,520.1000000,529.9500000,520.0500000,523.3000000,523.3000000,0.3300000,13579.0000000,4942080.0000000,3744.0000000,2599143888.0000000
FUTSTKCHAMBLFERT25-JUL-2024,513.5500000,514.5500000,518.6500000,487.8500000,490.6500000,490.6500000,-4.4500000,4702.0000000,6925500.0000000,3645.0000000,3468320990.0000000
FUTSTKCIPLA29-AUG-2024,1507.8500000,1506.0000000,1506.0000000,1477.5000000,1481.4500000,1481.4500000,-1.7500000,2196.0000000,1027000.0000000,1580.0000000,1526602187.5000000
FUTSTKITC25-JUL-2024,471.5500000,470.6000000,479.8500000,469.7000000,475.2500000,475.2500000,0.7800000,77884.0000000,36489600.0000000,22806.0000000,17347111440.0000000
FUTSTKTCS25-JUL-2024,4307.5500000,4315.0000000,4357.0000000,4285.3500000,4301.2000000,4301.2000000,-0.1400000,92735.0000000,5810525.0000000,33203.0000000,25101374655.0000000
FUTSTKICICIPRULI25-JUL-2024,656.4000000,650.5000000,652.9000000,638.8000000,643.9500000,643.9500000,-1.8900000,6975.0000000,3532500.0000000,2355.0000000,2279186700.0000000
FUTSTKLALPATHLAB25-JUL-2024,2995.4500000,2970.0000000,3015.0500000,2957.6000000,2986.9500000,2986.9500000,-0.2800000,2924.0000000,596100.0000000,1987.0000000,1779852900.0000000
FUTSTKNAUKRI29-AUG-2024,6983.6500000,7070.0000000,7098.6000000,6824.3500000,6851.1000000,6851.1000000,-1.8900000,607.0000000,127050.0000000,847.0000000,884937630.0000000
FUTSTKCHOLAFIN25-JUL-2024,1450.8000000,1453.3000000,1456.0000000,1422.9500000,1426.2000000,1426.2000000,-1.6900000,12592.0000000,1471875.0000000,2355.0000000,2112980250.0000000
FUTSTKHAVELLS25-JUL-2024,1868.5500000,1881.0500000,1887.0000000,1765.1000000,1770.2500000,1770.2500000,-5.2600000,13968.0000000,4073500.0000000,8147.0000000,7347988850.0000000
FUTSTKIRCTC29-AUG-2024,1015.2500000,1016.7000000,1020.0000000,988.2500000,991.7500000,991.7500000,-2.3100000,5134.0000000,3301375.0000000,3773.0000000,3302823475.0000000
FUTSTKLT25-JUL-2024,3662.5000000,3665.0000000,3665.0000000,3609.0500000,3617.0000000,3617.0000000,-1.2400000,93205.0000000,3731850.0000000,24879.0000000,13555752105.0000000
FUTSTKSBILIFE25-JUL-2024,1658.9500000,1658.7000000,1658.9000000,1637.3000000,1646.4500000,1646.4500000,-0.7500000,19666.0000000,1370250.0000000,3654.0000000,2257380975.0000000
FUTSTKTATASTEEL29-AUG-2024,167.9500000,167.7500000,167.7500000,158.6000000,158.8500000,158.8500000,-5.4100000,12338.0000000,56342000.0000000,10244.0000000,9102714775.0000000
FUTSTKBALKRISIND25-JUL-2024,3169.0500000,3135.1000000,3170.9000000,3092.6000000,3137.7500000,3137.7500000,-0.9800000,6743.0000000,637200.0000000,2124.0000000,1995290610.0000000
FUTSTKABB25-JUL-2024,7901.3500000,7905.0000000,7925.0000000,7604.1000000,7625.6500000,7625.6500000,-3.4800000,11429.0000000,638250.0000000,5106.0000000,4917544206.2500000
FUTSTKPNB25-JUL-2024,119.2100000,118.9200000,119.8900000,116.1000000,116.4500000,116.4500000,-2.3100000,28349.0000000,73248000.0000000,9156.0000000,8608359120.0000000
FUTSTKSHREECEM25-JUL-2024,28043.1000000,27992.3500000,27992.3500000,27031.9500000,27189.6000000,27189.6000000,-3.0400000,8627.0000000,57950.0000000,2318.0000000,1589975066.2500000
